url,status_code,status_text,final_url,has_redirect,redirect_count,response_time_ms,page_type,error
http://www.munchmakers.com/,200,OK,https://munchmakers.com/,Yes,2,1546.01,homepage,
https://cs.munchmakers.com/blog/best-weed-logo-design-ideas-top-inspirations-and-free-logo-maker-tools/,200,OK,https://cs.munchmakers.com/blog/best-weed-logo-design-ideas-top-inspirations-and-free-logo-maker-tools/,No,0,2135.88,blog,
https://cs.munchmakers.com/blog/personalize-your-smoke-quality-custom-rolling-papers-in-just-10-days-cdc009/,200,OK,https://cs.munchmakers.com/blog/personalize-your-smoke-quality-custom-rolling-papers-in-just-10-days-cdc009/,No,0,1692.22,blog,
https://da.munchmakers.com/blog/roll-with-style-the-ultimate-guide-to-raw-rolling-papers-for-eco-friendly-smokers-73aa76/,200,OK,https://da.munchmakers.com/blog/roll-with-style-the-ultimate-guide-to-raw-rolling-papers-for-eco-friendly-smokers-73aa76/,No,0,1793.42,blog,
https://da.munchmakers.com/product/custom-glass-stash-jar,200,OK,https://da.munchmakers.com/product/custom-glass-stash-jar,No,0,1914.62,product,
https://de.munchmakers.com/blog/top-5-awesome-weed-grinders-to-elevate-your-herb-game/,200,OK,https://de.munchmakers.com/blog/top-5-awesome-weed-grinders-to-elevate-your-herb-game/,No,0,2114.58,blog,
https://de.munchmakers.com/cannabis-conferences-and-events-united-states-2025-2026/,200,OK,https://de.munchmakers.com/cannabis-conferences-and-events-united-states-2025-2026/,No,0,1726.7,other,
https://fi.munchmakers.com/blog/top-picks-for-the-best-weed-grinder-in-2025/?setCurrencyId=2,200,OK,https://fi.munchmakers.com/blog/top-picks-for-the-best-weed-grinder-in-2025/?setCurrencyId=2,No,0,2415.21,blog,
https://fi.munchmakers.com/product-category/metal-ashtrays/,200,OK,https://fi.munchmakers.com/product-category/metal-ashtrays/,No,0,1011.7,category,
https://fr.munchmakers.com/product/custom-branded-matchbook,200,OK,https://fr.munchmakers.com/product/custom-branded-matchbook,No,0,2255.42,product,
https://hu.munchmakers.com/blog/master-the-art-of-rolling-your-ultimate-guide-to-cigarette-rolling-machines-768107/,200,OK,https://hu.munchmakers.com/blog/master-the-art-of-rolling-your-ultimate-guide-to-cigarette-rolling-machines-768107/,No,0,2085.96,blog,
https://lt.munchmakers.com/blog/the-ultimate-guide-to-choosing-the-best-grinder-for-kief-collection-30031c/,200,OK,https://lt.munchmakers.com/blog/the-ultimate-guide-to-choosing-the-best-grinder-for-kief-collection-30031c/,No,0,3216.49,blog,
https://munchmakers.com/,200,OK,https://munchmakers.com/,No,0,422.39,homepage,
https://munchmakers.com/blog/4-piece-grinder-vs-2-piece-grinder-what-grinder-should-you-get-it/,200,OK,https://munchmakers.com/blog/4-piece-grinder-vs-2-piece-grinder-what-grinder-should-you-get-it/,No,0,644.19,blog,
https://munchmakers.com/blog/best-bamboo-rolling-trays-quality-durability-style/,200,OK,https://munchmakers.com/blog/best-bamboo-rolling-trays-quality-durability-style/,No,0,674.19,blog,
https://munchmakers.com/blog/best-custom-dab-mats-enhance-your-dabbing-experience-9a5b8a/,200,OK,https://munchmakers.com/blog/best-custom-dab-mats-enhance-your-dabbing-experience-9a5b8a/,No,0,603.9,blog,
https://munchmakers.com/blog/best-dabber-pen-options-top-wax-vaporizers-for-concentrates/,200,OK,https://munchmakers.com/blog/best-dabber-pen-options-top-wax-vaporizers-for-concentrates/,No,0,659.97,blog,
https://munchmakers.com/blog/best-weed-logo-design-ideas-top-inspirations-and-free-logo-maker-tools/,200,OK,https://munchmakers.com/blog/best-weed-logo-design-ideas-top-inspirations-and-free-logo-maker-tools/,No,0,639.9,blog,
https://munchmakers.com/blog/cannabis-promotional-products/,200,OK,https://munchmakers.com/blog/cannabis-promotional-products/,No,0,740.58,blog,
https://munchmakers.com/blog/choosing-the-ideal-ashtray-for-cannabis-smokers/,200,OK,https://munchmakers.com/blog/choosing-the-ideal-ashtray-for-cannabis-smokers/,No,0,613.52,blog,
https://munchmakers.com/blog/choosing-the-perfect-grinder-for-your-cannabis-experience/,200,OK,https://munchmakers.com/blog/choosing-the-perfect-grinder-for-your-cannabis-experience/,No,0,527.08,blog,
https://munchmakers.com/blog/choosing-the-right-lighter-essential-guide-and-tips/,200,OK,https://munchmakers.com/blog/choosing-the-right-lighter-essential-guide-and-tips/,No,0,585.21,blog,
https://munchmakers.com/blog/craft-your-perfect-rolling-tray-a-step-by-step-diy-guide-for-personalized-smoking-bliss/,200,OK,https://munchmakers.com/blog/craft-your-perfect-rolling-tray-a-step-by-step-diy-guide-for-personalized-smoking-bliss/,No,0,636.12,blog,
https://munchmakers.com/blog/craft-your-unique-rolling-tray-a-complete-guide/,200,OK,https://munchmakers.com/blog/craft-your-unique-rolling-tray-a-complete-guide/,No,0,598.02,blog,
https://munchmakers.com/blog/crafting-your-own-rolling-papers-a-complete-guide-22fc0c/,200,OK,https://munchmakers.com/blog/crafting-your-own-rolling-papers-a-complete-guide-22fc0c/,No,0,551.9,blog,
https://munchmakers.com/blog/create-your-own-custom-rolling-papers-a-step-by-step-guide/,200,OK,https://munchmakers.com/blog/create-your-own-custom-rolling-papers-a-step-by-step-guide/,No,0,515.97,blog,
https://munchmakers.com/blog/custom-papers-online-design-and-print-unique-sizes-easily/,200,OK,https://munchmakers.com/blog/custom-papers-online-design-and-print-unique-sizes-easily/,No,0,614.14,blog,
https://munchmakers.com/blog/customize-your-smoke-sessions-a-guide-to-custom-roll-trays/,200,OK,https://munchmakers.com/blog/customize-your-smoke-sessions-a-guide-to-custom-roll-trays/,No,0,609.96,blog,
https://munchmakers.com/blog/design-your-own-rolling-tray-a-step-by-step-tutorial/,200,OK,https://munchmakers.com/blog/design-your-own-rolling-tray-a-step-by-step-tutorial/,No,0,584.73,blog,
https://munchmakers.com/blog/different-types-of-ashtrays/,200,OK,https://munchmakers.com/blog/different-types-of-ashtrays/,No,0,591.81,blog,
https://munchmakers.com/blog/discover-the-art-of-custom-torch-lighters-style-function/,200,OK,https://munchmakers.com/blog/discover-the-art-of-custom-torch-lighters-style-function/,No,0,606.21,blog,
https://munchmakers.com/blog/discover-the-best-joint-holder-for-a-stylish-and-secure-smoke/,200,OK,https://munchmakers.com/blog/discover-the-best-joint-holder-for-a-stylish-and-secure-smoke/,No,0,642.34,blog,
https://munchmakers.com/blog/discover-the-weed-grinder-card-the-future-of-cannabis-gear/,200,OK,https://munchmakers.com/blog/discover-the-weed-grinder-card-the-future-of-cannabis-gear/,No,0,601.77,blog,
https://munchmakers.com/blog/diy-rolling-tray-tutorial/,200,OK,https://munchmakers.com/blog/diy-rolling-tray-tutorial/,No,0,662.87,blog,
https://munchmakers.com/blog/electric-weed-grinders-revolutionizing-cannabis-preparation/,200,OK,https://munchmakers.com/blog/electric-weed-grinders-revolutionizing-cannabis-preparation/,No,0,556.93,blog,
https://munchmakers.com/blog/elevate-your-cannabis-experience-with-bamboo-joint-cases/,200,OK,https://munchmakers.com/blog/elevate-your-cannabis-experience-with-bamboo-joint-cases/,No,0,531.64,blog,
https://munchmakers.com/blog/elevate-your-experience-the-ultimate-guide-to-luxury-weed-grinders/,200,OK,https://munchmakers.com/blog/elevate-your-experience-the-ultimate-guide-to-luxury-weed-grinders/,No,0,591.65,blog,
https://munchmakers.com/blog/elevate-your-herb-game-the-ultimate-guide-to-the-tectonic9-auto-dispensing-grinder/,200,OK,https://munchmakers.com/blog/elevate-your-herb-game-the-ultimate-guide-to-the-tectonic9-auto-dispensing-grinder/,No,0,506.74,blog,
https://munchmakers.com/blog/elevate-your-outdoor-space-the-ultimate-guide-to-vintage-antique-ashtray-stands/,200,OK,https://munchmakers.com/blog/elevate-your-outdoor-space-the-ultimate-guide-to-vintage-antique-ashtray-stands/,No,0,553.63,blog,
https://munchmakers.com/blog/elevate-your-rolling-experience-the-ultimate-guide-to-choosing-the-best-cool-rolling-tray/,200,OK,https://munchmakers.com/blog/elevate-your-rolling-experience-the-ultimate-guide-to-choosing-the-best-cool-rolling-tray/,No,0,584.59,blog,
https://munchmakers.com/blog/elevate-your-rolling-game-the-ultimate-guide-to-rolling-tray-grinder-sets/,200,OK,https://munchmakers.com/blog/elevate-your-rolling-game-the-ultimate-guide-to-rolling-tray-grinder-sets/,No,0,640.6,blog,
https://munchmakers.com/blog/elevate-your-smoking-ritual-the-ultimate-guide-to-ceramic-cigar-ashtrays/,200,OK,https://munchmakers.com/blog/elevate-your-smoking-ritual-the-ultimate-guide-to-ceramic-cigar-ashtrays/,No,0,674.68,blog,
https://munchmakers.com/blog/elevate-your-smoking-the-essential-weed-grinder-guide,200,OK,https://munchmakers.com/blog/elevate-your-smoking-the-essential-weed-grinder-guide/,Yes,1,785.33,blog,
https://munchmakers.com/blog/enhance-your-smoke-choosing-the-perfect-rolling-papers/,200,OK,https://munchmakers.com/blog/enhance-your-smoke-choosing-the-perfect-rolling-papers/,No,0,538.34,blog,
https://munchmakers.com/blog/essential-care-tips-for-your-wooden-ashtray-longevity/,200,OK,https://munchmakers.com/blog/essential-care-tips-for-your-wooden-ashtray-longevity/,No,0,620.57,blog,
https://munchmakers.com/blog/essential-guide-to-choosing-compact-lighters-for-outdoors/,200,OK,https://munchmakers.com/blog/essential-guide-to-choosing-compact-lighters-for-outdoors/,No,0,580.49,blog,
https://munchmakers.com/blog/essential-guide-to-choosing-the-best-electric-weed-grinder/,200,OK,https://munchmakers.com/blog/essential-guide-to-choosing-the-best-electric-weed-grinder/,No,0,544.56,blog,
https://munchmakers.com/blog/everything-you-need-to-know-about-raw-rolling-papers-features-benefits-and-buying-tips/,200,OK,https://munchmakers.com/blog/everything-you-need-to-know-about-raw-rolling-papers-features-benefits-and-buying-tips/,No,0,572.19,blog,
https://munchmakers.com/blog/everything-you-should-know-about-7-oh-kratom-before-trying-it/,200,OK,https://munchmakers.com/blog/everything-you-should-know-about-7-oh-kratom-before-trying-it/,No,0,557.46,blog,
https://munchmakers.com/blog/finding-your-perfect-grind-how-to-choose-the-right-grinder-size/,200,OK,https://munchmakers.com/blog/finding-your-perfect-grind-how-to-choose-the-right-grinder-size/,No,0,587.22,blog,
https://munchmakers.com/blog/from-bud-to-bowl-how-to-use-a-weed-grinder-like-a-pro/,200,OK,https://munchmakers.com/blog/from-bud-to-bowl-how-to-use-a-weed-grinder-like-a-pro/,No,0,567.46,blog,
https://munchmakers.com/blog/gifts-for-smokers-ultimate-guide-with-50-perfect-presents-for-every-type-of-smoker/,200,OK,https://munchmakers.com/blog/gifts-for-smokers-ultimate-guide-with-50-perfect-presents-for-every-type-of-smoker/,No,0,576.02,blog,
https://munchmakers.com/blog/grind-in-style-the-ultimate-guide-to-pretty-and-customizable-weed-grinders,200,OK,https://munchmakers.com/blog/grind-in-style-the-ultimate-guide-to-pretty-and-customizable-weed-grinders/,Yes,1,877.9,blog,
https://munchmakers.com/blog/grind-in-style-the-ultimate-guide-to-pretty-and-customizable-weed-grinders/,200,OK,https://munchmakers.com/blog/grind-in-style-the-ultimate-guide-to-pretty-and-customizable-weed-grinders/,No,0,566.81,blog,
https://munchmakers.com/blog/grind-in-style-your-ultimate-guide-to-unique-herb-grinders/,200,OK,https://munchmakers.com/blog/grind-in-style-your-ultimate-guide-to-unique-herb-grinders/,No,0,535.56,blog,
https://munchmakers.com/blog/grind-it-your-way-creative-techniques-to-grind-weed-without-a-grinder/,200,OK,https://munchmakers.com/blog/grind-it-your-way-creative-techniques-to-grind-weed-without-a-grinder/,No,0,589.31,blog,
https://munchmakers.com/blog/grind-like-a-pro-the-2024-essential-guide-to-choosing-the-best-weed-grinder-6e7da6/,200,OK,https://munchmakers.com/blog/grind-like-a-pro-the-2024-essential-guide-to-choosing-the-best-weed-grinder-6e7da6/,No,0,575.81,blog,
https://munchmakers.com/blog/grind-like-a-pro-the-top-cool-grinders-for-every-budget/,200,OK,https://munchmakers.com/blog/grind-like-a-pro-the-top-cool-grinders-for-every-budget/,No,0,542.16,blog,
https://munchmakers.com/blog/grind-like-a-pro-the-ultimate-guide-to-choosing-the-best-weed-grinders/,200,OK,https://munchmakers.com/blog/grind-like-a-pro-the-ultimate-guide-to-choosing-the-best-weed-grinders/,No,0,634.76,blog,
https://munchmakers.com/blog/grind-right-a-complete-guide-to-choosing-the-perfect-herb-grinder-size/,200,OK,https://munchmakers.com/blog/grind-right-a-complete-guide-to-choosing-the-perfect-herb-grinder-size/,No,0,553.68,blog,
https://munchmakers.com/blog/grind-smart-the-ultimate-guide-to-choosing-the-best-automatic-weed-grinder/,200,OK,https://munchmakers.com/blog/grind-smart-the-ultimate-guide-to-choosing-the-best-automatic-weed-grinder/,No,0,536.06,blog,
https://munchmakers.com/blog/grind-smarter-your-ultimate-guide-to-electric-weed-grinders/,200,OK,https://munchmakers.com/blog/grind-smarter-your-ultimate-guide-to-electric-weed-grinders/,No,0,588.47,blog,
https://munchmakers.com/blog/grind-with-a-smile-your-ultimate-guide-to-funny-herb-grinders/,200,OK,https://munchmakers.com/blog/grind-with-a-smile-your-ultimate-guide-to-funny-herb-grinders/,No,0,600.85,blog,
https://munchmakers.com/blog/grinders-decoded-your-ultimate-guide-to-choosing-the-perfect-size-for-weed/,200,OK,https://munchmakers.com/blog/grinders-decoded-your-ultimate-guide-to-choosing-the-perfect-size-for-weed/,No,0,600.7,blog,
https://munchmakers.com/blog/healthiest-rolling-papers-2025-top-brands-for-a-better-smoking-experience/,200,OK,https://munchmakers.com/blog/healthiest-rolling-papers-2025-top-brands-for-a-better-smoking-experience/,No,0,594.24,blog,
https://munchmakers.com/blog/how-to-roll-a-joint/,200,OK,https://munchmakers.com/blog/how-to-roll-a-joint/,No,0,560.79,blog,
https://munchmakers.com/blog/how-to-roll-with-raw-papers/,200,OK,https://munchmakers.com/blog/how-to-roll-with-raw-papers/,No,0,517.28,blog,
https://munchmakers.com/blog/how-to-sell-cannabis-accessories-in-california-a-munchmakers-guide/,200,OK,https://munchmakers.com/blog/how-to-sell-cannabis-accessories-in-california-a-munchmakers-guide/,No,0,565.65,blog,
https://munchmakers.com/blog/how-to-store-thc-gummies-and-keep-them-fresh/,200,OK,https://munchmakers.com/blog/how-to-store-thc-gummies-and-keep-them-fresh/,No,0,593.16,blog,
https://munchmakers.com/blog/how-to-use-rolling-papers/,200,OK,https://munchmakers.com/blog/how-to-use-rolling-papers/,No,0,601.12,blog,
https://munchmakers.com/blog/keep-your-customers-coming-back-with-custom-vape-pens/,200,OK,https://munchmakers.com/blog/keep-your-customers-coming-back-with-custom-vape-pens/,No,0,517.04,blog,
https://munchmakers.com/blog/light-up-your-life-the-ultimate-guide-to-custom-lighters/,200,OK,https://munchmakers.com/blog/light-up-your-life-the-ultimate-guide-to-custom-lighters/,No,0,634.75,blog,
https://munchmakers.com/blog/master-the-art-of-grinding-weed-for-optimal-enjoyment-7adb65/,200,OK,https://munchmakers.com/blog/master-the-art-of-grinding-weed-for-optimal-enjoyment-7adb65/,No,0,573.06,blog,
https://munchmakers.com/blog/master-the-art-of-rolling-the-ultimate-guide-to-cigarette-rolling-machines-4c6d80/,200,OK,https://munchmakers.com/blog/master-the-art-of-rolling-the-ultimate-guide-to-cigarette-rolling-machines-4c6d80/,No,0,592.11,blog,
https://munchmakers.com/blog/master-the-art-of-rolling-the-ultimate-guide-to-joint-rollers-for-effortless-enjoyment/,200,OK,https://munchmakers.com/blog/master-the-art-of-rolling-the-ultimate-guide-to-joint-rollers-for-effortless-enjoyment/,No,0,575.59,blog,
https://munchmakers.com/blog/master-the-art-of-rolling-your-ultimate-guide-to-cigarette-rolling-machines-768107/,200,OK,https://munchmakers.com/blog/master-the-art-of-rolling-your-ultimate-guide-to-cigarette-rolling-machines-768107/,No,0,511.6,blog,
https://munchmakers.com/blog/master-your-grind-the-essential-guide-to-three-piece-grinders/,200,OK,https://munchmakers.com/blog/master-your-grind-the-essential-guide-to-three-piece-grinders/,No,0,539.44,blog,
https://munchmakers.com/blog/master-your-herb-game-the-ultimate-guide-to-weed-grinders-and-storage-solutions/,200,OK,https://munchmakers.com/blog/master-your-herb-game-the-ultimate-guide-to-weed-grinders-and-storage-solutions/,No,0,560.37,blog,
https://munchmakers.com/blog/master-your-rolling-game-the-ultimate-guide-to-choosing-the-best-joint-roller-for-cannabis-enthusiasts/,200,OK,https://munchmakers.com/blog/master-your-rolling-game-the-ultimate-guide-to-choosing-the-best-joint-roller-for-cannabis-enthusiasts/,No,0,656.49,blog,
https://munchmakers.com/blog/master-your-rolling-game-the-ultimate-guide-to-choosing-the-perfect-rolling-machine/,200,OK,https://munchmakers.com/blog/master-your-rolling-game-the-ultimate-guide-to-choosing-the-perfect-rolling-machine/,No,0,532.64,blog,
https://munchmakers.com/blog/mastering-grinder-care-expert-tips-for-a-cleaner-better-grind/,200,OK,https://munchmakers.com/blog/mastering-grinder-care-expert-tips-for-a-cleaner-better-grind/,No,0,532.37,blog,
https://munchmakers.com/blog/mastering-grinder-parts-your-ultimate-guide-to-accessories-and-purchasing-tips/,200,OK,https://munchmakers.com/blog/mastering-grinder-parts-your-ultimate-guide-to-accessories-and-purchasing-tips/,No,0,544.78,blog,
https://munchmakers.com/blog/mastering-rolling-trays-your-essential-guide-for-cannabis/,200,OK,https://munchmakers.com/blog/mastering-rolling-trays-your-essential-guide-for-cannabis/,No,0,594.29,blog,
https://munchmakers.com/blog/mastering-the-art-of-grinding-5-clever-ways-to-grind-weed-without-a-grinder/,200,OK,https://munchmakers.com/blog/mastering-the-art-of-grinding-5-clever-ways-to-grind-weed-without-a-grinder/,No,0,569.79,blog,
https://munchmakers.com/blog/mastering-the-art-of-grinding-cannabis-tips-and-techniques/,200,OK,https://munchmakers.com/blog/mastering-the-art-of-grinding-cannabis-tips-and-techniques/,No,0,545.34,blog,
https://munchmakers.com/blog/mastering-the-art-of-grinding-creative-ways-to-grind-weed-without-a-grinder/,200,OK,https://munchmakers.com/blog/mastering-the-art-of-grinding-creative-ways-to-grind-weed-without-a-grinder/,No,0,544.61,blog,
https://munchmakers.com/blog/mastering-the-art-of-grinding-how-to-prepare-weed-without-a-grinder/,200,OK,https://munchmakers.com/blog/mastering-the-art-of-grinding-how-to-prepare-weed-without-a-grinder/,No,0,549.53,blog,
https://munchmakers.com/blog/mastering-the-art-of-grinding-how-to-prepare-weed-without-a-grinder/?setCurrencyId=1,200,OK,https://munchmakers.com/blog/mastering-the-art-of-grinding-how-to-prepare-weed-without-a-grinder/?setCurrencyId=1,No,0,523.37,blog,
https://munchmakers.com/blog/mastering-the-art-of-rolling-your-ultimate-guide-to-joint-rollers/,200,OK,https://munchmakers.com/blog/mastering-the-art-of-rolling-your-ultimate-guide-to-joint-rollers/,No,0,656.03,blog,
https://munchmakers.com/blog/mastering-the-grind-a-complete-guide-to-electric-weed-grinders-5e3156/,200,OK,https://munchmakers.com/blog/mastering-the-grind-a-complete-guide-to-electric-weed-grinders-5e3156/,No,0,557.97,blog,
https://munchmakers.com/blog/mastering-the-grind-your-ultimate-guide-to-metal-weed-grinders/,200,OK,https://munchmakers.com/blog/mastering-the-grind-your-ultimate-guide-to-metal-weed-grinders/,No,0,577.11,blog,
https://munchmakers.com/blog/mastering-your-grind-the-definitive-guide-to-choosing-the-best-weed-grinder/,200,OK,https://munchmakers.com/blog/mastering-your-grind-the-definitive-guide-to-choosing-the-best-weed-grinder/,No,0,651.84,blog,
https://munchmakers.com/blog/maximize-cannabis-strength-with-cannabis-storage-containers-to-maintain-potency/,200,OK,https://munchmakers.com/blog/maximize-cannabis-strength-with-cannabis-storage-containers-to-maintain-potency/,No,0,540.67,blog,
https://munchmakers.com/blog/maximize-profits-the-case-for-wholesale-grinders/,200,OK,https://munchmakers.com/blog/maximize-profits-the-case-for-wholesale-grinders/,No,0,560.84,blog,
https://munchmakers.com/blog/maximize-your-rolling-experience-the-ultimate-guide-to-rolling-trays-with-compartments/,200,OK,https://munchmakers.com/blog/maximize-your-rolling-experience-the-ultimate-guide-to-rolling-trays-with-compartments/,No,0,589.93,blog,
https://munchmakers.com/blog/phatboy-xl-grinder-review-is-big-grinder-for-weed-really-better-b67799/,200,OK,https://munchmakers.com/blog/phatboy-xl-grinder-review-is-big-grinder-for-weed-really-better-b67799/,No,0,615.15,blog,
https://munchmakers.com/blog/revolutionizing-weed-grinders-the-power-of-ceramic-coating/,200,OK,https://munchmakers.com/blog/revolutionizing-weed-grinders-the-power-of-ceramic-coating/,No,0,570.82,blog,
https://munchmakers.com/blog/roll-in-style-the-ultimate-guide-to-choosing-the-best-rolling-tray/,200,OK,https://munchmakers.com/blog/roll-in-style-the-ultimate-guide-to-choosing-the-best-rolling-tray/,No,0,556.88,blog,
https://munchmakers.com/blog/roll-in-style-the-ultimate-guide-to-customizing-your-rolling-tray/,200,OK,https://munchmakers.com/blog/roll-in-style-the-ultimate-guide-to-customizing-your-rolling-tray/,No,0,549.11,blog,
https://munchmakers.com/blog/roll-it-right-the-ultimate-guide-to-choosing-the-best-joint-rolling-papers/,200,OK,https://munchmakers.com/blog/roll-it-right-the-ultimate-guide-to-choosing-the-best-joint-rolling-papers/,No,0,600.31,blog,
https://munchmakers.com/blog/roll-it-right-your-ultimate-guide-to-joint-rolling-papers-for-2024/,200,OK,https://munchmakers.com/blog/roll-it-right-your-ultimate-guide-to-joint-rolling-papers-for-2024/,No,0,528.97,blog,
https://munchmakers.com/blog/roll-like-a-pro-the-ultimate-guide-to-choosing-the-best-rolling-machine-for-your-smoking-experience/,200,OK,https://munchmakers.com/blog/roll-like-a-pro-the-ultimate-guide-to-choosing-the-best-rolling-machine-for-your-smoking-experience/,No,0,608.83,blog,
https://munchmakers.com/blog/roll-like-a-pro-the-ultimate-guide-to-joint-rollers-for-perfect-blunts-every-time,200,OK,https://munchmakers.com/blog/roll-like-a-pro-the-ultimate-guide-to-joint-rollers-for-perfect-blunts-every-time/,Yes,1,792.9,blog,
https://munchmakers.com/blog/roll-like-a-pro-the-ultimate-guide-to-joint-rollers-for-perfect-blunts-every-time/,200,OK,https://munchmakers.com/blog/roll-like-a-pro-the-ultimate-guide-to-joint-rollers-for-perfect-blunts-every-time/,No,0,556.2,blog,
https://munchmakers.com/blog/roll-like-a-pro-the-ultimate-joint-roller-guide-for-every-cannabis-enthusiast/,200,OK,https://munchmakers.com/blog/roll-like-a-pro-the-ultimate-joint-roller-guide-for-every-cannabis-enthusiast/,No,0,572.91,blog,
https://munchmakers.com/blog/roll-like-a-pro-your-ultimate-guide-to-choosing-the-best-joint-roller-for-2024/,200,OK,https://munchmakers.com/blog/roll-like-a-pro-your-ultimate-guide-to-choosing-the-best-joint-roller-for-2024/,No,0,548.19,blog,
https://munchmakers.com/blog/roll-right-the-ultimate-guide-to-buying-bulk-rolling-papers-for-every-enthusiast-f9cf8c/,200,OK,https://munchmakers.com/blog/roll-right-the-ultimate-guide-to-buying-bulk-rolling-papers-for-every-enthusiast-f9cf8c/,No,0,528.24,blog,
https://munchmakers.com/blog/roll-smart-your-ultimate-guide-to-bulk-rolling-papers-choosing-raw-king-size-c84ef8/,200,OK,https://munchmakers.com/blog/roll-smart-your-ultimate-guide-to-bulk-rolling-papers-choosing-raw-king-size-c84ef8/,No,0,581.49,blog,
https://munchmakers.com/blog/roll-with-ease-the-ultimate-guide-to-choosing-your-perfect-joint-roller/,200,OK,https://munchmakers.com/blog/roll-with-ease-the-ultimate-guide-to-choosing-your-perfect-joint-roller/,No,0,547.1,blog,
https://munchmakers.com/blog/roll-your-own-the-ultimate-guide-to-choosing-the-best-cigarette-rolling-machine-d7cea0/,200,OK,https://munchmakers.com/blog/roll-your-own-the-ultimate-guide-to-choosing-the-best-cigarette-rolling-machine-d7cea0/,No,0,544.35,blog,
https://munchmakers.com/blog/roll-your-own-the-ultimate-guide-to-cigarette-rolling-machines-for-every-smoker-a940ab/,200,OK,https://munchmakers.com/blog/roll-your-own-the-ultimate-guide-to-cigarette-rolling-machines-for-every-smoker-a940ab/,No,0,524.7,blog,
https://munchmakers.com/blog/roll-your-way-the-ultimate-guide-to-choosing-the-best-cigarette-rolling-machine-06bf76/,200,OK,https://munchmakers.com/blog/roll-your-way-the-ultimate-guide-to-choosing-the-best-cigarette-rolling-machine-06bf76/,No,0,575.82,blog,
https://munchmakers.com/blog/rolling-in-style-the-complete-guide-to-weed-rolling-tray-sets/,200,OK,https://munchmakers.com/blog/rolling-in-style-the-complete-guide-to-weed-rolling-tray-sets/,No,0,548.81,blog,
https://munchmakers.com/blog/rolling-in-style-the-ultimate-guide-to-choosing-the-perfect-rolling-tray/,200,OK,https://munchmakers.com/blog/rolling-in-style-the-ultimate-guide-to-choosing-the-perfect-rolling-tray/,No,0,553.44,blog,
https://munchmakers.com/blog/rolling-in-style-the-ultimate-guide-to-cute-and-girly-weed-rolling-tray-sets/,200,OK,https://munchmakers.com/blog/rolling-in-style-the-ultimate-guide-to-cute-and-girly-weed-rolling-tray-sets/,No,0,609.1,blog,
https://munchmakers.com/blog/rolling-in-style-the-ultimate-guide-to-wooden-rolling-trays-you-need-to-know/,200,OK,https://munchmakers.com/blog/rolling-in-style-the-ultimate-guide-to-wooden-rolling-trays-you-need-to-know/,No,0,549.58,blog,
https://munchmakers.com/blog/rolling-papers-the-future-of-unique-business-cards/,200,OK,https://munchmakers.com/blog/rolling-papers-the-future-of-unique-business-cards/,No,0,561.41,blog,
https://munchmakers.com/blog/rolling-tray-basics-choosing-the-right-size-and-style/,200,OK,https://munchmakers.com/blog/rolling-tray-basics-choosing-the-right-size-and-style/,No,0,640.03,blog,
https://munchmakers.com/blog/rolling-with-style-the-rise-of-business-card-papers/,200,OK,https://munchmakers.com/blog/rolling-with-style-the-rise-of-business-card-papers/,No,0,527.88,blog,
https://munchmakers.com/blog/rolling-with-style-the-ultimate-humorous-guide-to-choosing-the-best-rolling-paper-brands/,200,OK,https://munchmakers.com/blog/rolling-with-style-the-ultimate-humorous-guide-to-choosing-the-best-rolling-paper-brands/,No,0,554.02,blog,
https://munchmakers.com/blog/smoking-evolution-hand-rolled-vs-pre-rolled-joints/,200,OK,https://munchmakers.com/blog/smoking-evolution-hand-rolled-vs-pre-rolled-joints/,No,0,569.54,blog,
https://munchmakers.com/blog/spark-your-creativity-the-magic-of-custom-lighters/,200,OK,https://munchmakers.com/blog/spark-your-creativity-the-magic-of-custom-lighters/,No,0,537.99,blog,
https://munchmakers.com/blog/the-barneys-farm-is-finally-opening-in-the-us/,200,OK,https://munchmakers.com/blog/the-barneys-farm-is-finally-opening-in-the-us/,No,0,576.65,blog,
https://munchmakers.com/blog/the-best-weed-stash-jar-for-your-cannabis-needs-ab629d/,200,OK,https://munchmakers.com/blog/the-best-weed-stash-jar-for-your-cannabis-needs-ab629d/,No,0,602.75,blog,
https://munchmakers.com/blog/the-complete-guide-to-weed-grinders-everything-you-need-to-know-in-2025/,200,OK,https://munchmakers.com/blog/the-complete-guide-to-weed-grinders-everything-you-need-to-know-in-2025/,No,0,550.66,blog,
https://munchmakers.com/blog/the-definitive-guide-to-metal-weed-grinders/,200,OK,https://munchmakers.com/blog/the-definitive-guide-to-metal-weed-grinders/,No,0,571.38,blog,
https://munchmakers.com/blog/the-essential-guide-to-choosing-the-best-weed-grinder/,200,OK,https://munchmakers.com/blog/the-essential-guide-to-choosing-the-best-weed-grinder/,No,0,572.39,blog,
https://munchmakers.com/blog/the-guide-to-custom-aluminum-pipes-features-benefits-and-uses/,200,OK,https://munchmakers.com/blog/the-guide-to-custom-aluminum-pipes-features-benefits-and-uses/,No,0,601.53,blog,
https://munchmakers.com/blog/the-history-and-evolution-of-custom-lighters/,200,OK,https://munchmakers.com/blog/the-history-and-evolution-of-custom-lighters/,No,0,549.29,blog,
https://munchmakers.com/blog/the-top-5-benefits-of-using-an-electric-herb-grinder/,200,OK,https://munchmakers.com/blog/the-top-5-benefits-of-using-an-electric-herb-grinder/,No,0,553.89,blog,
https://munchmakers.com/blog/the-top-weed-grinder-picks-for-2025-04078e/,200,OK,https://munchmakers.com/blog/the-top-weed-grinder-picks-for-2025-04078e/,No,0,541.15,blog,
https://munchmakers.com/blog/the-ultimate-buyers-guide-to-weed-ashtrays-finding-the-perfect-ashtray-for-your-needs/,200,OK,https://munchmakers.com/blog/the-ultimate-buyers-guide-to-weed-ashtrays-finding-the-perfect-ashtray-for-your-needs/,No,0,644.01,blog,
https://munchmakers.com/blog/the-ultimate-grinder-guide/,200,OK,https://munchmakers.com/blog/the-ultimate-grinder-guide/,No,0,542.92,blog,
https://munchmakers.com/blog/the-ultimate-guide-to-ashtray-sand-enhance-your-smoking-experience/,200,OK,https://munchmakers.com/blog/the-ultimate-guide-to-ashtray-sand-enhance-your-smoking-experience/,No,0,533.91,blog,
https://munchmakers.com/blog/the-ultimate-guide-to-auto-weed-grinders-the-tectonic-9/,200,OK,https://munchmakers.com/blog/the-ultimate-guide-to-auto-weed-grinders-the-tectonic-9/,No,0,592.83,blog,
https://munchmakers.com/blog/the-ultimate-guide-to-buying-custom-rolling-trays-wholesale/,200,OK,https://munchmakers.com/blog/the-ultimate-guide-to-buying-custom-rolling-trays-wholesale/,No,0,548.75,blog,
https://munchmakers.com/blog/the-ultimate-guide-to-choosing-between-3-part-and-4-piece-models/,200,OK,https://munchmakers.com/blog/the-ultimate-guide-to-choosing-between-3-part-and-4-piece-models/,No,0,626.47,blog,
https://munchmakers.com/blog/the-ultimate-guide-to-choosing-the-best-coarse-herb-grinder/,200,OK,https://munchmakers.com/blog/the-ultimate-guide-to-choosing-the-best-coarse-herb-grinder/,No,0,567.39,blog,
https://munchmakers.com/blog/the-ultimate-guide-to-choosing-the-best-grinder-for-kief-collection-30031c/,200,OK,https://munchmakers.com/blog/the-ultimate-guide-to-choosing-the-best-grinder-for-kief-collection-30031c/,No,0,546.72,blog,
https://munchmakers.com/blog/the-ultimate-guide-to-choosing-the-best-weed-grinder-2/,200,OK,https://munchmakers.com/blog/the-ultimate-guide-to-choosing-the-best-weed-grinder-2/,No,0,604.52,blog,
https://munchmakers.com/blog/the-ultimate-guide-to-choosing-the-best-weed-grinder/,200,OK,https://munchmakers.com/blog/the-ultimate-guide-to-choosing-the-best-weed-grinder/,No,0,728.54,blog,
https://munchmakers.com/blog/the-ultimate-guide-to-custom-ashtrays-16912b/,200,OK,https://munchmakers.com/blog/the-ultimate-guide-to-custom-ashtrays-16912b/,No,0,582.97,blog,
https://munchmakers.com/blog/the-ultimate-guide-to-electric-weed-crushers-and-grinders/,200,OK,https://munchmakers.com/blog/the-ultimate-guide-to-electric-weed-crushers-and-grinders/,No,0,558.22,blog,
https://munchmakers.com/blog/the-ultimate-guide-to-engraving-your-lighter-tips-and-tricks/,200,OK,https://munchmakers.com/blog/the-ultimate-guide-to-engraving-your-lighter-tips-and-tricks/,No,0,603.06,blog,
https://munchmakers.com/blog/the-ultimate-guide-to-sharper-weed-grinders-cc806a/,200,OK,https://munchmakers.com/blog/the-ultimate-guide-to-sharper-weed-grinders-cc806a/,No,0,526.36,blog,
https://munchmakers.com/blog/the-ultimate-guide-to-the-3-inch-herb-grinder-for-culinary-and-herbal-enthusiasts/,200,OK,https://munchmakers.com/blog/the-ultimate-guide-to-the-3-inch-herb-grinder-for-culinary-and-herbal-enthusiasts/,No,0,587.35,blog,
https://munchmakers.com/blog/the-ultimate-guide-to-the-best-grinder-for-kief-collection-99fca0/,200,OK,https://munchmakers.com/blog/the-ultimate-guide-to-the-best-grinder-for-kief-collection-99fca0/,No,0,530.48,blog,
https://munchmakers.com/blog/the-ultimate-guide-to-three-chamber-herb-grinders/,200,OK,https://munchmakers.com/blog/the-ultimate-guide-to-three-chamber-herb-grinders/,No,0,607.73,blog,
https://munchmakers.com/blog/the-ultimate-guide-to-weed-grinders-types-and-buying-tips/,200,OK,https://munchmakers.com/blog/the-ultimate-guide-to-weed-grinders-types-and-buying-tips/,No,0,602.1,blog,
https://munchmakers.com/blog/the-ultimate-guide-to-weed-grinders-with-kief-catchers-2/,200,OK,https://munchmakers.com/blog/the-ultimate-guide-to-weed-grinders-with-kief-catchers-2/,No,0,561.73,blog,
https://munchmakers.com/blog/the-ultimate-guide-to-weed-stash-boxes-secure-discreet-storage-solutions-for-2024/,200,OK,https://munchmakers.com/blog/the-ultimate-guide-to-weed-stash-boxes-secure-discreet-storage-solutions-for-2024/,No,0,569.25,blog,
https://munchmakers.com/blog/the-ultimate-weed-storage-box-for-discreet-and-safe-keeping-4c2d3d/,200,OK,https://munchmakers.com/blog/the-ultimate-weed-storage-box-for-discreet-and-safe-keeping-4c2d3d/,No,0,533.28,blog,
https://munchmakers.com/blog/titanium-vs-aluminum-grinders-which-is-worth-the-upgrade/,200,OK,https://munchmakers.com/blog/titanium-vs-aluminum-grinders-which-is-worth-the-upgrade/,No,0,552.37,blog,
https://munchmakers.com/blog/top-10-best-rolling-papers-for-a-smooth-smoking-experience,200,OK,https://munchmakers.com/blog/top-10-best-rolling-papers-for-a-smooth-smoking-experience/,Yes,1,805.36,blog,
https://munchmakers.com/blog/top-10-best-rolling-papers-for-a-smooth-smoking-experience/,200,OK,https://munchmakers.com/blog/top-10-best-rolling-papers-for-a-smooth-smoking-experience/,No,0,563.79,blog,
https://munchmakers.com/blog/top-10-custom-smoking-accessories-for-every-enthusiast/,200,OK,https://munchmakers.com/blog/top-10-custom-smoking-accessories-for-every-enthusiast/,No,0,571.51,blog,
https://munchmakers.com/blog/top-5-awesome-weed-grinders-to-elevate-your-herb-game/,200,OK,https://munchmakers.com/blog/top-5-awesome-weed-grinders-to-elevate-your-herb-game/,No,0,591.63,blog,
https://munchmakers.com/blog/top-ashtrays-for-home-choose-the-perfect-blend-of-style-and-functionality/,200,OK,https://munchmakers.com/blog/top-ashtrays-for-home-choose-the-perfect-blend-of-style-and-functionality/,No,0,574.1,blog,
https://munchmakers.com/blog/top-choices-for-lighters-personalised-elevate-your-style-with-custom-designs/,200,OK,https://munchmakers.com/blog/top-choices-for-lighters-personalised-elevate-your-style-with-custom-designs/,No,0,707.85,blog,
https://munchmakers.com/blog/top-cool-weed-grinders-enhance-your-herb-experience,200,OK,https://munchmakers.com/blog/top-cool-weed-grinders-enhance-your-herb-experience/,Yes,1,835.61,blog,
https://munchmakers.com/blog/top-cool-weed-grinders-enhance-your-herb-experience/,200,OK,https://munchmakers.com/blog/top-cool-weed-grinders-enhance-your-herb-experience/,No,0,519.35,blog,
https://munchmakers.com/blog/top-custom-herb-grinders-for-a-personalized-grinding-experience/,200,OK,https://munchmakers.com/blog/top-custom-herb-grinders-for-a-personalized-grinding-experience/,No,0,583.66,blog,
https://munchmakers.com/blog/top-custom-lighters-for-personalized-style-dd1bfb/,200,OK,https://munchmakers.com/blog/top-custom-lighters-for-personalized-style-dd1bfb/,No,0,560.23,blog,
https://munchmakers.com/blog/top-custom-vape-pen-designs-elevate-your-vaping-experience-8df3fd/,200,OK,https://munchmakers.com/blog/top-custom-vape-pen-designs-elevate-your-vaping-experience-8df3fd/,No,0,604.53,blog,
https://munchmakers.com/blog/top-electric-grinders-for-weed-elevate-your-cannabis-experience-with-ease/,200,OK,https://munchmakers.com/blog/top-electric-grinders-for-weed-elevate-your-cannabis-experience-with-ease/,No,0,559.98,blog,
https://munchmakers.com/blog/top-picks-for-custom-matches-enhance-your-event-today,200,OK,https://munchmakers.com/blog/top-picks-for-custom-matches-enhance-your-event-today/,Yes,1,938.6,blog,
https://munchmakers.com/blog/top-picks-for-lighters-bic-best-options-for-everyday-use/,200,OK,https://munchmakers.com/blog/top-picks-for-lighters-bic-best-options-for-everyday-use/,No,0,690.83,blog,
https://munchmakers.com/blog/top-pocket-weed-grinder-options-of-2025-compact-efficient-choices/,200,OK,https://munchmakers.com/blog/top-pocket-weed-grinder-options-of-2025-compact-efficient-choices/,No,0,600.14,blog,
https://munchmakers.com/blog/top-quality-custom-grinders-for-personalized-herb-enjoyment/,200,OK,https://munchmakers.com/blog/top-quality-custom-grinders-for-personalized-herb-enjoyment/,No,0,578.37,blog,
https://munchmakers.com/blog/top-quality-weed-pouches-wholesale-for-cannabis-packaging-needs/,200,OK,https://munchmakers.com/blog/top-quality-weed-pouches-wholesale-for-cannabis-packaging-needs/,No,0,523.17,blog,
https://munchmakers.com/blog/top-rolling-paper-brands-of-2024-healthier-choices-for-a-better-smoking-experience/,200,OK,https://munchmakers.com/blog/top-rolling-paper-brands-of-2024-healthier-choices-for-a-better-smoking-experience/,No,0,609.26,blog,
https://munchmakers.com/blog/top-tips-to-keep-cannabis-storage-fresh-and-effective/,200,OK,https://munchmakers.com/blog/top-tips-to-keep-cannabis-storage-fresh-and-effective/,No,0,551.23,blog,
https://munchmakers.com/blog/top-weed-ashtray-features-your-smoking-setup-needs/,200,OK,https://munchmakers.com/blog/top-weed-ashtray-features-your-smoking-setup-needs/,No,0,617.63,blog,
https://munchmakers.com/blog/top-weed-pouch-smell-proof-options-for-discreet-storage/,200,OK,https://munchmakers.com/blog/top-weed-pouch-smell-proof-options-for-discreet-storage/,No,0,551.36,blog,
https://munchmakers.com/blog/transform-your-gardening-game-the-ultimate-guide-to-electric-weed-crushers/,200,OK,https://munchmakers.com/blog/transform-your-gardening-game-the-ultimate-guide-to-electric-weed-crushers/,No,0,602.09,blog,
https://munchmakers.com/blog/ultimate-2024-guide-discover-the-best-weed-grinders-for-a-perfect-cannabis-experience,200,OK,https://munchmakers.com/blog/ultimate-2024-guide-discover-the-best-weed-grinders-for-a-perfect-cannabis-experience/,Yes,1,782.18,blog,
https://munchmakers.com/blog/ultimate-2024-guide-discover-the-best-weed-grinders-for-a-perfect-cannabis-experience/,200,OK,https://munchmakers.com/blog/ultimate-2024-guide-discover-the-best-weed-grinders-for-a-perfect-cannabis-experience/,No,0,529.54,blog,
https://munchmakers.com/blog/ultimate-coke-grinders-guide-features-benefits-custom-options-revealed/,200,OK,https://munchmakers.com/blog/ultimate-coke-grinders-guide-features-benefits-custom-options-revealed/,No,0,572.74,blog,
https://munchmakers.com/blog/ultimate-electric-pot-grinder-guide-unleash-flavor-efficiency-with-kief-catchers-aad4f5/,200,OK,https://munchmakers.com/blog/ultimate-electric-pot-grinder-guide-unleash-flavor-efficiency-with-kief-catchers-aad4f5/,No,0,529.26,blog,
https://munchmakers.com/blog/ultimate-guide-to-ashtrays-features-benefits-and-buying-tips-for-smokers/,200,OK,https://munchmakers.com/blog/ultimate-guide-to-ashtrays-features-benefits-and-buying-tips-for-smokers/,No,0,564.31,blog,
https://munchmakers.com/blog/ultimate-guide-to-automatic-weed-grinders-features-benefits-and-buying-tips/,200,OK,https://munchmakers.com/blog/ultimate-guide-to-automatic-weed-grinders-features-benefits-and-buying-tips/,No,0,530.66,blog,
https://munchmakers.com/blog/ultimate-guide-to-choosing-the-perfect-car-ashtray-features-benefits-and-top-picks/,200,OK,https://munchmakers.com/blog/ultimate-guide-to-choosing-the-perfect-car-ashtray-features-benefits-and-top-picks/,No,0,574.38,blog,
https://munchmakers.com/blog/ultimate-guide-to-choosing-the-perfect-extra-large-glass-ashtray-features-benefits-buying-tips/,200,OK,https://munchmakers.com/blog/ultimate-guide-to-choosing-the-perfect-extra-large-glass-ashtray-features-benefits-buying-tips/,No,0,587.19,blog,
https://munchmakers.com/blog/ultimate-guide-to-choosing-your-perfect-weed-grinder/,200,OK,https://munchmakers.com/blog/ultimate-guide-to-choosing-your-perfect-weed-grinder/,No,0,546.81,blog,
https://munchmakers.com/blog/ultimate-guide-to-custom-grinders-style-meets-function/,200,OK,https://munchmakers.com/blog/ultimate-guide-to-custom-grinders-style-meets-function/,No,0,567.82,blog,
https://munchmakers.com/blog/unleash-flavor-why-ceramic-weed-grinders-are-a-must-have-for-herb-lovers,200,OK,https://munchmakers.com/blog/unleash-flavor-why-ceramic-weed-grinders-are-a-must-have-for-herb-lovers/,Yes,1,745.92,blog,
https://munchmakers.com/blog/unleash-flavor-why-ceramic-weed-grinders-are-a-must-have-for-herb-lovers/,200,OK,https://munchmakers.com/blog/unleash-flavor-why-ceramic-weed-grinders-are-a-must-have-for-herb-lovers/,No,0,538.09,blog,
https://munchmakers.com/blog/unleash-the-power-of-cool-the-ultimate-guide-to-stylish-weed-grinders/,200,OK,https://munchmakers.com/blog/unleash-the-power-of-cool-the-ultimate-guide-to-stylish-weed-grinders/,No,0,612.5,blog,
https://munchmakers.com/blog/unlock-the-power-of-coke-grinders-your-ultimate-guide-to-features-benefits-and-buying-tips/,200,OK,https://munchmakers.com/blog/unlock-the-power-of-coke-grinders-your-ultimate-guide-to-features-benefits-and-buying-tips/,No,0,626.04,blog,
https://munchmakers.com/blog/unlock-the-power-of-kief-the-ultimate-guide-to-choosing-the-best-grinder-for-collection-db9be3/,200,OK,https://munchmakers.com/blog/unlock-the-power-of-kief-the-ultimate-guide-to-choosing-the-best-grinder-for-collection-db9be3/,No,0,566.99,blog,
https://munchmakers.com/blog/unlock-the-ultimate-rolling-experience-why-every-enthusiast-needs-a-magnetic-rolling-tray/,200,OK,https://munchmakers.com/blog/unlock-the-ultimate-rolling-experience-why-every-enthusiast-needs-a-magnetic-rolling-tray/,No,0,598.55,blog,
https://munchmakers.com/blog/unlock-the-ultimate-rolling-experience-your-complete-guide-to-magnetic-rolling-trays/,200,OK,https://munchmakers.com/blog/unlock-the-ultimate-rolling-experience-your-complete-guide-to-magnetic-rolling-trays/,No,0,546.49,blog,
https://munchmakers.com/blog/unlock-your-creativity-the-ultimate-guide-to-blank-rolling-trays-customization,200,OK,https://munchmakers.com/blog/unlock-your-creativity-the-ultimate-guide-to-blank-rolling-trays-customization/,Yes,1,812.49,blog,
https://munchmakers.com/blog/unlock-your-perfect-roll-the-essential-guide-to-rolling-trays-with-compartments/,200,OK,https://munchmakers.com/blog/unlock-your-perfect-roll-the-essential-guide-to-rolling-trays-with-compartments/,No,0,555.91,blog,
https://munchmakers.com/blog/unlock-your-rolling-game-the-ultimate-guide-to-rolling-tray-grinder-sets/,200,OK,https://munchmakers.com/blog/unlock-your-rolling-game-the-ultimate-guide-to-rolling-tray-grinder-sets/,No,0,568.56,blog,
https://munchmakers.com/blog/unlocking-the-benefits-of-a-quality-weed-grinder-3,200,OK,https://munchmakers.com/blog/unlocking-the-benefits-of-a-quality-weed-grinder-3/,Yes,1,808.81,blog,
https://munchmakers.com/blog/unlocking-the-benefits-of-a-quality-weed-grinder-3/,200,OK,https://munchmakers.com/blog/unlocking-the-benefits-of-a-quality-weed-grinder-3/,No,0,601.15,blog,
https://munchmakers.com/blog/unlocking-the-price-how-much-should-you-pay-for-raw-rolling-papers/,200,OK,https://munchmakers.com/blog/unlocking-the-price-how-much-should-you-pay-for-raw-rolling-papers/,No,0,564.26,blog,
https://munchmakers.com/blog/unrolling-the-price-how-much-do-raw-papers-really-cost/,200,OK,https://munchmakers.com/blog/unrolling-the-price-how-much-do-raw-papers-really-cost/,No,0,535.56,blog,
https://munchmakers.com/blog/unrolling-the-truth-how-much-do-raw-papers-really-cost/,200,OK,https://munchmakers.com/blog/unrolling-the-truth-how-much-do-raw-papers-really-cost/,No,0,516.74,blog,
https://munchmakers.com/blog/why-a-good-grinder-is-essential-for-your-cannabis-experience/,200,OK,https://munchmakers.com/blog/why-a-good-grinder-is-essential-for-your-cannabis-experience/,No,0,529.11,blog,
https://munchmakers.com/blog/why-wood-ashtrays-are-making-a-comeback-in-the-smoking-world/,200,OK,https://munchmakers.com/blog/why-wood-ashtrays-are-making-a-comeback-in-the-smoking-world/,No,0,640.47,blog,
https://munchmakers.com/blog/your-essential-guide-to-grinder-parts-maintenance/,200,OK,https://munchmakers.com/blog/your-essential-guide-to-grinder-parts-maintenance/,No,0,636.43,blog,
https://munchmakers.com/blog/your-guide-to-mastering-a-square-wood-grinder/,200,OK,https://munchmakers.com/blog/your-guide-to-mastering-a-square-wood-grinder/,No,0,570.15,blog,
https://munchmakers.com/blog/your-guide-to-tobacco-grinding-04bb77/,200,OK,https://munchmakers.com/blog/your-guide-to-tobacco-grinding-04bb77/,No,0,553.71,blog,
https://munchmakers.com/blog/your-ultimate-guide-to-4-piece-grinders/,200,OK,https://munchmakers.com/blog/your-ultimate-guide-to-4-piece-grinders/,No,0,596.76,blog,
https://munchmakers.com/blog/your-ultimate-guide-to-affordable-weed-grinders/,200,OK,https://munchmakers.com/blog/your-ultimate-guide-to-affordable-weed-grinders/,No,0,580.72,blog,
https://munchmakers.com/blog/your-ultimate-guide-to-buying-weed-grinders,200,OK,https://munchmakers.com/blog/your-ultimate-guide-to-buying-weed-grinders/,Yes,1,829.16,blog,
https://munchmakers.com/blog/your-ultimate-guide-to-buying-weed-grinders/,200,OK,https://munchmakers.com/blog/your-ultimate-guide-to-buying-weed-grinders/,No,0,575.41,blog,
https://munchmakers.com/blog/your-ultimate-guide-to-chromium-crushers-for-epic-herb-grinding/,200,OK,https://munchmakers.com/blog/your-ultimate-guide-to-chromium-crushers-for-epic-herb-grinding/,No,0,670.82,blog,
https://munchmakers.com/blog/your-ultimate-guide-to-coarse-weed-grinders-the-boomers-experience/,200,OK,https://munchmakers.com/blog/your-ultimate-guide-to-coarse-weed-grinders-the-boomers-experience/,No,0,603.57,blog,
https://munchmakers.com/blog/your-ultimate-guide-to-finding-the-perfect-tobacco-grinder/,200,OK,https://munchmakers.com/blog/your-ultimate-guide-to-finding-the-perfect-tobacco-grinder/,No,0,564.72,blog,
https://munchmakers.com/blog/your-ultimate-guide-to-small-weed-grinders/,200,OK,https://munchmakers.com/blog/your-ultimate-guide-to-small-weed-grinders/,No,0,559.58,blog,
https://munchmakers.com/blog/your-ultimate-guide-to-the-biggest-grinders-on-the-market-701778/,200,OK,https://munchmakers.com/blog/your-ultimate-guide-to-the-biggest-grinders-on-the-market-701778/,No,0,574.86,blog,
https://munchmakers.com/blog/your-ultimate-herb-grinding-companion/,200,OK,https://munchmakers.com/blog/your-ultimate-herb-grinding-companion/,No,0,573.8,blog,
https://munchmakers.com/blog/your-ultimate-purchasing-guide/,200,OK,https://munchmakers.com/blog/your-ultimate-purchasing-guide/,No,0,573.29,blog,
https://munchmakers.com/blog/zinc-vs-aluminum-which-grinder-is-best-for-your-dispensary/,200,OK,https://munchmakers.com/blog/zinc-vs-aluminum-which-grinder-is-best-for-your-dispensary/,No,0,588.0,blog,
https://munchmakers.com/cannabis-conferences-and-events-united-states-2025-2026/,200,OK,https://munchmakers.com/cannabis-conferences-and-events-united-states-2025-2026/,No,0,581.4,other,
https://munchmakers.com/company/,200,OK,https://munchmakers.com/company/,No,0,542.15,other,
https://munchmakers.com/custom-magnify-light-up-jar,200,OK,https://munchmakers.com/product/custom-magnify-light-up-jar,Yes,1,940.95,other,
https://munchmakers.com/custom-rolling-tray,200,OK,https://munchmakers.com/product/custom-rolling-trays,Yes,2,1117.71,other,
https://munchmakers.com/de/blog/best-dabber-pen-options-top-wax-vaporizers-for-concentrates/,404,Not Found,https://munchmakers.com/de/blog/best-dabber-pen-options-top-wax-vaporizers-for-concentrates/,No,0,541.36,blog,
https://munchmakers.com/de/blog/design-your-own-ashtray-a-guide-to-customization/,404,Not Found,https://munchmakers.com/de/blog/design-your-own-ashtray-a-guide-to-customization/,No,0,473.39,blog,
https://munchmakers.com/de/blog/elevate-your-brand-with-custom-bulk-lighters/,404,Not Found,https://munchmakers.com/de/blog/elevate-your-brand-with-custom-bulk-lighters/,No,0,550.43,blog,
https://munchmakers.com/de/blog/elevate-your-smoking-experience-the-power-of-weed-grinders/,404,Not Found,https://munchmakers.com/de/blog/elevate-your-smoking-experience-the-power-of-weed-grinders/,No,0,581.44,blog,
https://munchmakers.com/de/blog/elevate-your-smoking-experience-the-ultimate-guide-to-glass-ashtrays/,404,Not Found,https://munchmakers.com/de/blog/elevate-your-smoking-experience-the-ultimate-guide-to-glass-ashtrays/,No,0,563.83,blog,
https://munchmakers.com/de/blog/get-your-grind-on-the-ultimate-guide-to-funny-herb-grinders-smell-proof-options-d57fa0/,404,Not Found,https://munchmakers.com/de/blog/get-your-grind-on-the-ultimate-guide-to-funny-herb-grinders-smell-proof-options-d57fa0/,No,0,667.24,blog,
https://munchmakers.com/de/blog/grind-like-a-pro-the-ultimate-guide-to-choosing-the-best-weed-grinders/,404,Not Found,https://munchmakers.com/de/blog/grind-like-a-pro-the-ultimate-guide-to-choosing-the-best-weed-grinders/,No,0,590.01,blog,
https://munchmakers.com/de/blog/how-to-roll-a-joint/,404,Not Found,https://munchmakers.com/de/blog/how-to-roll-a-joint/,No,0,551.97,blog,
https://munchmakers.com/de/blog/mastering-the-art-of-grinding-5-clever-ways-to-grind-weed-without-a-grinder/,404,Not Found,https://munchmakers.com/de/blog/mastering-the-art-of-grinding-5-clever-ways-to-grind-weed-without-a-grinder/,No,0,1088.65,blog,
https://munchmakers.com/de/blog/roll-in-style-the-ultimate-guide-to-choosing-the-perfect-cannabis-rolling-tray/,404,Not Found,https://munchmakers.com/de/blog/roll-in-style-the-ultimate-guide-to-choosing-the-perfect-cannabis-rolling-tray/,No,0,543.35,blog,
https://munchmakers.com/de/blog/ultimate-guide-to-choosing-the-perfect-marijuana-grinder-features-benefits-boomers-grinders-explained/,404,Not Found,https://munchmakers.com/de/blog/ultimate-guide-to-choosing-the-perfect-marijuana-grinder-features-benefits-boomers-grinders-explained/,No,0,523.6,blog,
https://munchmakers.com/de/blog/uncover-the-timeless-elegance-of-vintage-crystal-ashtrays-a-collectors-guide/,404,Not Found,https://munchmakers.com/de/blog/uncover-the-timeless-elegance-of-vintage-crystal-ashtrays-a-collectors-guide/,No,0,604.91,blog,
https://munchmakers.com/de/cannabis-promotional-products/,404,Not Found,https://munchmakers.com/de/cannabis-promotional-products/,No,0,545.88,international,
https://munchmakers.com/de/product-category/custom-vape-pen/?setCurrencyId=1&page=2,404,Not Found,https://munchmakers.com/de/product-category/custom-vape-pen/?setCurrencyId=1&page=2,No,0,519.42,category,
https://munchmakers.com/es,200,OK,https://munchmakers.com/es,No,0,498.39,other,
https://munchmakers.com/es/blog/elevate-your-smoking-experience-the-ultimate-guide-to-crystal-glass-ashtrays/,200,OK,https://munchmakers.com/es/blog/elevate-your-smoking-experience-the-ultimate-guide-to-crystal-glass-ashtrays/,No,0,727.15,blog,
https://munchmakers.com/es/blog/from-bud-to-bowl-how-to-use-a-weed-grinder-like-a-pro/,200,OK,https://munchmakers.com/es/blog/from-bud-to-bowl-how-to-use-a-weed-grinder-like-a-pro/,No,0,687.98,blog,
https://munchmakers.com/es/blog/grind-and-shine-the-ultimate-guide-to-cleaning-your-grinder-with-a-fun-twist/,200,OK,https://munchmakers.com/es/blog/grind-and-shine-the-ultimate-guide-to-cleaning-your-grinder-with-a-fun-twist/,No,0,764.97,blog,
https://munchmakers.com/es/blog/grind-it-right-your-complete-guide-to-choosing-the-perfect-weed-grinder/,200,OK,https://munchmakers.com/es/blog/grind-it-right-your-complete-guide-to-choosing-the-perfect-weed-grinder/,No,0,720.12,blog,
https://munchmakers.com/es/blog/grinder-cards-101-the-ultimate-guide-to-convenient-and-compact-herb-grinding-d06e84/,200,OK,https://munchmakers.com/es/blog/grinder-cards-101-the-ultimate-guide-to-convenient-and-compact-herb-grinding-d06e84/,No,0,704.46,blog,
https://munchmakers.com/es/blog/grinder-cleaning-guide/,200,OK,https://munchmakers.com/es/blog/grinder-cleaning-guide/,No,0,728.45,blog,
https://munchmakers.com/es/blog/grinding-it-right-the-complete-guide-to-choosing-the-best-weed-grinder-for-optimal-enjoyment/,200,OK,https://munchmakers.com/es/blog/grinding-it-right-the-complete-guide-to-choosing-the-best-weed-grinder-for-optimal-enjoyment/,No,0,735.42,blog,
https://munchmakers.com/es/blog/master-the-art-of-rolling-your-ultimate-guide-to-cigarette-rolling-machines-768107/,200,OK,https://munchmakers.com/es/blog/master-the-art-of-rolling-your-ultimate-guide-to-cigarette-rolling-machines-768107/,No,0,689.56,blog,
https://munchmakers.com/es/blog/master-the-art-of-rolling-your-ultimate-guide-to-joint-rollers-top-picks-for-2023/,200,OK,https://munchmakers.com/es/blog/master-the-art-of-rolling-your-ultimate-guide-to-joint-rollers-top-picks-for-2023/,No,0,725.53,blog,
https://munchmakers.com/es/blog/mastering-the-art-of-grinding-5-clever-ways-to-grind-weed-without-a-grinder/,200,OK,https://munchmakers.com/es/blog/mastering-the-art-of-grinding-5-clever-ways-to-grind-weed-without-a-grinder/,No,0,718.51,blog,
https://munchmakers.com/es/blog/rolling-in-style-the-complete-guide-to-weed-rolling-tray-sets/,200,OK,https://munchmakers.com/es/blog/rolling-in-style-the-complete-guide-to-weed-rolling-tray-sets/,No,0,706.93,blog,
https://munchmakers.com/es/blog/rolling-your-own-the-ultimate-guide-to-choosing-the-best-smoking-paper-e9e5d8/,200,OK,https://munchmakers.com/es/blog/rolling-your-own-the-ultimate-guide-to-choosing-the-best-smoking-paper-e9e5d8/,No,0,697.38,blog,
https://munchmakers.com/es/blog/the-ultimate-guide-to-weed-grinders-types-and-buying-tips/,200,OK,https://munchmakers.com/es/blog/the-ultimate-guide-to-weed-grinders-types-and-buying-tips/,No,0,723.95,blog,
https://munchmakers.com/es/blog/the-ultimate-guide-to-weed-grinders/,200,OK,https://munchmakers.com/es/blog/the-ultimate-guide-to-weed-grinders/,No,0,736.16,blog,
https://munchmakers.com/es/blog/top-picks-for-lighters-bic-best-options-for-everyday-use/,200,OK,https://munchmakers.com/es/blog/top-picks-for-lighters-bic-best-options-for-everyday-use/,No,0,733.99,blog,
https://munchmakers.com/es/blog/ultimate-2024-guide-discover-the-best-weed-grinders-for-a-perfect-cannabis-experience/,200,OK,https://munchmakers.com/es/blog/ultimate-2024-guide-discover-the-best-weed-grinders-for-a-perfect-cannabis-experience/,No,0,724.24,blog,
https://munchmakers.com/es/blog/ultimate-guide-to-choosing-the-perfect-marijuana-grinder-features-benefits-boomers-grinders-explained/,200,OK,https://munchmakers.com/es/blog/ultimate-guide-to-choosing-the-perfect-marijuana-grinder-features-benefits-boomers-grinders-explained/,No,0,676.86,blog,
https://munchmakers.com/es/blog/why-grinder-weed-is-the-key-to-a-better-smoking-experience/,200,OK,https://munchmakers.com/es/blog/why-grinder-weed-is-the-key-to-a-better-smoking-experience/,No,0,707.69,blog,
https://munchmakers.com/es/product/custom-1-14-size-rolling-papers,200,OK,https://munchmakers.com/es/product/custom-1-14-size-rolling-papers,No,0,935.72,product,
https://munchmakers.com/es/product/custom-1-14-size-rolling-papers?rating=4,200,OK,https://munchmakers.com/es/product/custom-1-14-size-rolling-papers?rating=4,No,0,901.77,product,
https://munchmakers.com/es/product/custom-vape-pen-battery,200,OK,https://munchmakers.com/es/product/custom-vape-pen-battery,No,0,935.95,product,
https://munchmakers.com/es/product/custom-wooden-rolling-tray,200,OK,https://munchmakers.com/es/product/custom-wooden-rolling-tray,No,0,869.98,product,
https://munchmakers.com/es/product/official-bic-logo-lighters-single-imprint,200,OK,https://munchmakers.com/es/product/official-bic-logo-lighters-single-imprint,No,0,942.85,product,
https://munchmakers.com/es/the-ultimate-buyers-guide-to-weed-ashtrays-finding-the-perfect-ashtray-for-your-needs/,200,OK,https://munchmakers.com/es/blog/the-ultimate-buyers-guide-to-weed-ashtrays-finding-the-perfect-ashtray-for-your-needs/,Yes,2,1230.58,international,
https://munchmakers.com/es/top-picks-for-lighters-bic-best-options-for-everyday-use/,200,OK,https://munchmakers.com/es/blog/top-picks-for-lighters-bic-best-options-for-everyday-use/,Yes,2,1152.53,international,
https://munchmakers.com/es/ultimate-guide-to-ashtrays-features-benefits-and-buying-tips-for-smokers/,200,OK,https://munchmakers.com/es/blog/ultimate-guide-to-ashtrays-features-benefits-and-buying-tips-for-smokers/,Yes,2,1110.18,international,
https://munchmakers.com/fr/blog/grind-it-your-way-creative-techniques-to-grind-weed-without-a-grinder/,404,Not Found,https://munchmakers.com/fr/blog/grind-it-your-way-creative-techniques-to-grind-weed-without-a-grinder/,No,0,588.31,blog,
https://munchmakers.com/fr/blog/master-the-art-of-grinding-weed-for-optimal-enjoyment-7adb65/,404,Not Found,https://munchmakers.com/fr/blog/master-the-art-of-grinding-weed-for-optimal-enjoyment-7adb65/,No,0,531.69,blog,
https://munchmakers.com/fr/blog/mastering-grinder-care-expert-tips-for-a-cleaner-better-grind/,404,Not Found,https://munchmakers.com/fr/blog/mastering-grinder-care-expert-tips-for-a-cleaner-better-grind/,No,0,526.73,blog,
https://munchmakers.com/fr/blog/mastering-the-art-of-rolling-your-ultimate-guide-to-joint-rollers/,404,Not Found,https://munchmakers.com/fr/blog/mastering-the-art-of-rolling-your-ultimate-guide-to-joint-rollers/,No,0,500.69,blog,
https://munchmakers.com/fr/blog/roll-your-own-the-ultimate-guide-to-cigarette-rolling-machines-for-smokers-c653d2/,404,Not Found,https://munchmakers.com/fr/blog/roll-your-own-the-ultimate-guide-to-cigarette-rolling-machines-for-smokers-c653d2/,No,0,524.56,blog,
https://munchmakers.com/fr/blog/top-5-awesome-weed-grinders-to-elevate-your-herb-game/,404,Not Found,https://munchmakers.com/fr/blog/top-5-awesome-weed-grinders-to-elevate-your-herb-game/,No,0,552.46,blog,
https://munchmakers.com/fr/blog/top-custom-ashtrays-for-personalized-smoking-accessories-1abb7a/,404,Not Found,https://munchmakers.com/fr/blog/top-custom-ashtrays-for-personalized-smoking-accessories-1abb7a/,No,0,546.84,blog,
https://munchmakers.com/fr/blog/top-custom-lighters-for-personalized-style-dd1bfb/,404,Not Found,https://munchmakers.com/fr/blog/top-custom-lighters-for-personalized-style-dd1bfb/,No,0,589.48,blog,
https://munchmakers.com/fr/blog/uncover-the-timeless-elegance-of-vintage-crystal-ashtrays-a-collectors-guide/,404,Not Found,https://munchmakers.com/fr/blog/uncover-the-timeless-elegance-of-vintage-crystal-ashtrays-a-collectors-guide/,No,0,594.05,blog,
https://munchmakers.com/fr/mastering-the-art-of-grinding-creative-ways-to-grind-weed-without-a-grinder/,404,Not Found,https://munchmakers.com/fr/mastering-the-art-of-grinding-creative-ways-to-grind-weed-without-a-grinder/,No,0,529.17,international,
https://munchmakers.com/it/blog/gift-guide-the-perfect-presents-for-your-420-friendly-friends/,404,Not Found,https://munchmakers.com/it/blog/gift-guide-the-perfect-presents-for-your-420-friendly-friends/,No,0,532.31,blog,
https://munchmakers.com/it/blog/grinder-cleaning-guide/,404,Not Found,https://munchmakers.com/it/blog/grinder-cleaning-guide/,No,0,478.36,blog,
https://munchmakers.com/it/blog/how-to-roll-with-raw-papers/?setCurrencyId=3,404,Not Found,https://munchmakers.com/it/blog/how-to-roll-with-raw-papers/?setCurrencyId=3,No,0,534.25,blog,
https://munchmakers.com/it/blog/master-your-herb-game-the-ultimate-guide-to-choosing-the-perfect-weed-grinder/,404,Not Found,https://munchmakers.com/it/blog/master-your-herb-game-the-ultimate-guide-to-choosing-the-perfect-weed-grinder/,No,0,514.55,blog,
https://munchmakers.com/it/blog/the-ultimate-guide-to-choosing-the-best-coarse-herb-grinder/,404,Not Found,https://munchmakers.com/it/blog/the-ultimate-guide-to-choosing-the-best-coarse-herb-grinder/,No,0,606.59,blog,
https://munchmakers.com/it/blog/top-custom-lighters-for-personalized-style-dd1bfb/,404,Not Found,https://munchmakers.com/it/blog/top-custom-lighters-for-personalized-style-dd1bfb/,No,0,515.92,blog,
https://munchmakers.com/it/blog/unlock-the-secrets-of-raw-rolling-papers-your-ultimate-guide-to-quality-and-experience-b577e6/,404,Not Found,https://munchmakers.com/it/blog/unlock-the-secrets-of-raw-rolling-papers-your-ultimate-guide-to-quality-and-experience-b577e6/,No,0,521.74,blog,
https://munchmakers.com/it/mastering-the-art-of-grinding-how-to-prepare-weed-without-a-grinder/,404,Not Found,https://munchmakers.com/it/mastering-the-art-of-grinding-how-to-prepare-weed-without-a-grinder/,No,0,566.92,international,
https://munchmakers.com/it/product/official-bic-lighter-assorted-light-colors,404,Not Found,https://munchmakers.com/it/product/official-bic-lighter-assorted-light-colors,No,0,524.08,product,
https://munchmakers.com/it/unlock-your-rolling-game-the-ultimate-guide-to-rolling-tray-grinder-sets/,404,Not Found,https://munchmakers.com/it/unlock-your-rolling-game-the-ultimate-guide-to-rolling-tray-grinder-sets/,No,0,526.49,international,
https://munchmakers.com/ja/blog/discover-the-best-joint-holder-for-a-stylish-and-secure-smoke/,404,Not Found,https://munchmakers.com/ja/blog/discover-the-best-joint-holder-for-a-stylish-and-secure-smoke/,No,0,544.69,blog,
https://munchmakers.com/ja/blog/master-the-art-of-grinding-weed-for-optimal-enjoyment-7adb65/,404,Not Found,https://munchmakers.com/ja/blog/master-the-art-of-grinding-weed-for-optimal-enjoyment-7adb65/,No,0,538.5,blog,
https://munchmakers.com/ja/blog/roll-your-own-a-guide-to-crafting-custom-rolling-papers-88ac9d/,404,Not Found,https://munchmakers.com/ja/blog/roll-your-own-a-guide-to-crafting-custom-rolling-papers-88ac9d/,No,0,523.75,blog,
https://munchmakers.com/pl/podnie%C5%9B-poziom-swojej-gry-w-skr%C4%99canie-najlepszy-przewodnik-po-luksusowych-tackach-do-skr%C4%99cania/,200,OK,https://munchmakers.com/,Yes,1,551.23,international,
https://munchmakers.com/product-category/2-piece-grinders/,200,OK,https://munchmakers.com/product-category/2-piece-grinders/,No,0,799.65,category,
https://munchmakers.com/product-category/4-piece-grinders/,200,OK,https://munchmakers.com/product-category/4-piece-grinders/,No,0,744.23,category,
https://munchmakers.com/product-category/510-batteries/,200,OK,https://munchmakers.com/product-category/510-batteries/,No,0,608.15,category,
https://munchmakers.com/product-category/bic-brand-lighters/,200,OK,https://munchmakers.com/product-category/bic-brand-lighters/,No,0,598.28,category,
https://munchmakers.com/product-category/cannabis-accessories/,200,OK,https://munchmakers.com/product-category/cannabis-accessories/,No,0,703.81,category,
https://munchmakers.com/product-category/clipper-brand-lighters/,200,OK,https://munchmakers.com/product-category/clipper-brand-lighters/,No,0,563.25,category,
https://munchmakers.com/product-category/custom-ashtrays/,200,OK,https://munchmakers.com/product-category/custom-ashtrays/,No,0,738.6,category,
https://munchmakers.com/product-category/custom-grinders/,200,OK,https://munchmakers.com/product-category/custom-grinders/,No,0,858.93,category,
https://munchmakers.com/product-category/custom-lighters/,200,OK,https://munchmakers.com/product-category/custom-lighters/,No,0,785.58,category,
https://munchmakers.com/product-category/custom-rolling-papers/,200,OK,https://munchmakers.com/product-category/custom-rolling-papers/,No,0,757.22,category,
https://munchmakers.com/product-category/custom-rolling-trays/,200,OK,https://munchmakers.com/product-category/custom-rolling-trays/,No,0,738.29,category,
https://munchmakers.com/product-category/custom-vape-pen/,200,OK,https://munchmakers.com/product-category/custom-vape-pen/,No,0,730.92,category,
https://munchmakers.com/product-category/custom-weed-stash-jars/,200,OK,https://munchmakers.com/product-category/custom-weed-stash-jars/,No,0,759.89,category,
https://munchmakers.com/product-category/custom-wraps/,404,Not Found,https://munchmakers.com/product-category/custom-wraps/,No,0,497.01,category,
https://munchmakers.com/product-category/disposable-vape-pens/,200,OK,https://munchmakers.com/product-category/disposable-vape-pens/,No,0,639.66,category,
https://munchmakers.com/product-category/filter-tips-accessories/,200,OK,https://munchmakers.com/product-category/filter-tips-accessories/,No,0,636.36,category,
https://munchmakers.com/product-category/glass-stash-jars/,200,OK,https://munchmakers.com/product-category/glass-stash-jars/,No,0,647.93,category,
https://munchmakers.com/product-category/herb-storage-jars/,200,OK,https://munchmakers.com/product-category/herb-storage-jars/,No,0,692.31,category,
https://munchmakers.com/product-category/joint-cases-holders/,200,OK,https://munchmakers.com/product-category/joint-cases-holders/,No,0,730.95,category,
https://munchmakers.com/product-category/joint-storage/,200,OK,https://munchmakers.com/product-category/joint-storage/,No,0,620.74,category,
https://munchmakers.com/product-category/metal-stash-jars/,200,OK,https://munchmakers.com/product-category/metal-stash-jars/,No,0,616.12,category,
https://munchmakers.com/product-category/portable-keychain-ashtrays/,200,OK,https://munchmakers.com/product-category/portable-keychain-ashtrays/,No,0,610.96,category,
https://munchmakers.com/product-category/pre-rolled-cones/,200,OK,https://munchmakers.com/product-category/pre-rolled-cones/,No,0,581.1,category,
https://munchmakers.com/product-category/premium-metal-lighters/,200,OK,https://munchmakers.com/product-category/premium-metal-lighters/,No,0,591.51,category,
https://munchmakers.com/product-category/special-grinders/,200,OK,https://munchmakers.com/,Yes,1,600.71,category,
https://munchmakers.com/product-category/standard-grinders/,200,OK,https://munchmakers.com/product-category/standard-grinders/,No,0,709.78,category,
https://munchmakers.com/product/bamboozled-custom-wood-rolling-tray,200,OK,https://munchmakers.com/product/bamboozled-custom-wood-rolling-tray,No,0,684.76,product,
https://munchmakers.com/product/blazegadget-grinder-onehitter,200,OK,https://munchmakers.com/product/blazegadget-grinder-onehitter,No,0,694.32,product,
https://munchmakers.com/product/custom-1-1-4-size-cones-3-pack,200,OK,https://munchmakers.com/product/custom-1-1-4-size-cones-3-pack,No,0,670.43,product,
https://munchmakers.com/product/custom-1-14-size-rolling-papers,200,OK,https://munchmakers.com/product/custom-1-14-size-rolling-papers,No,0,753.72,product,
https://munchmakers.com/product/custom-4-piece-aluminum-grinder,200,OK,https://munchmakers.com/product/custom-4-piece-aluminum-grinder,No,0,687.33,product,
https://munchmakers.com/product/custom-aerolite-vape-pen,200,OK,https://munchmakers.com/product/custom-aerolite-vape-pen,No,0,781.37,product,
https://munchmakers.com/product/custom-aluminum-ashtray,200,OK,https://munchmakers.com/product/custom-aluminum-ashtray,No,0,762.68,product,
https://munchmakers.com/product/custom-aluminum-pipe,200,OK,https://munchmakers.com/product/custom-aluminum-pipe,No,0,606.21,product,
https://munchmakers.com/product/custom-aluminum-rolling-tray,200,OK,https://munchmakers.com/product/custom-aluminum-rolling-tray,No,0,674.08,product,
https://munchmakers.com/product/custom-big-grinder,200,OK,https://munchmakers.com/product/custom-big-grinder,No,0,664.77,product,
https://munchmakers.com/product/custom-biodegradable-grinder,200,OK,https://munchmakers.com/product/custom-biodegradable-grinder,No,0,763.09,product,
https://munchmakers.com/product/custom-branded-matchbook,200,OK,https://munchmakers.com/product/custom-branded-matchbook,No,0,652.74,product,
https://munchmakers.com/product/custom-branded-matchbox,200,OK,https://munchmakers.com/product/custom-branded-matchbox,No,0,670.15,product,
https://munchmakers.com/product/custom-branded-matchbox/,200,OK,https://munchmakers.com/product/custom-branded-matchbox,Yes,1,904.98,product,
https://munchmakers.com/product/custom-ceramic-ashtray,200,OK,https://munchmakers.com/product/custom-ceramic-ashtray,No,0,672.72,product,
https://munchmakers.com/product/custom-ceramic-ashtray-with-lid,200,OK,https://munchmakers.com/product/custom-ceramic-ashtray-with-lid,No,0,775.72,product,
https://munchmakers.com/product/custom-ceramic-grinder,200,OK,https://munchmakers.com/product/custom-ceramic-grinder,No,0,660.45,product,
https://munchmakers.com/product/custom-compact-torch-lighter,200,OK,https://munchmakers.com/product/custom-compact-torch-lighter,No,0,673.88,product,
https://munchmakers.com/product/custom-dab-mat,200,OK,https://munchmakers.com/product/custom-dab-mat,No,0,758.77,product,
https://munchmakers.com/product/custom-dualflex-vape-battery,200,OK,https://munchmakers.com/product/custom-dualflex-vape-battery,No,0,673.33,product,
https://munchmakers.com/product/custom-edge-vape-pen,200,OK,https://munchmakers.com/product/custom-edge-vape-pen,No,0,875.96,product,
https://munchmakers.com/product/custom-electric-weed-grinder,200,OK,https://munchmakers.com/product/custom-electric-weed-grinder,No,0,710.02,product,
https://munchmakers.com/product/custom-filter-tips-booklet,200,OK,https://munchmakers.com/product/custom-filter-tips-booklet,No,0,696.57,product,
https://munchmakers.com/product/custom-folded-rolling-tray,200,OK,https://munchmakers.com/product/custom-folded-rolling-tray,No,0,710.9,product,
https://munchmakers.com/product/custom-glass-stash-jar,200,OK,https://munchmakers.com/product/custom-glass-stash-jar,No,0,660.56,product,
https://munchmakers.com/product/custom-glow-in-dark-ashtray,200,OK,https://munchmakers.com/product/custom-glow-in-dark-ashtray,No,0,767.25,product,
https://munchmakers.com/product/custom-glow-in-the-dark-grinder,200,OK,https://munchmakers.com/product/custom-glow-in-the-dark-grinder,No,0,675.56,product,
https://munchmakers.com/product/custom-gold-foil-grinder,200,OK,https://munchmakers.com/product/custom-gold-foil-grinder,No,0,694.26,product,
https://munchmakers.com/product/custom-grinder-box,200,OK,https://munchmakers.com/product/custom-grinder-box,No,0,627.29,product,
https://munchmakers.com/product/custom-jet-flame-lighter,200,OK,https://munchmakers.com/product/custom-jet-flame-lighter,No,0,720.44,product,
https://munchmakers.com/product/custom-led-rolling-tray,200,OK,https://munchmakers.com/product/custom-led-rolling-tray,No,0,662.87,product,
https://munchmakers.com/product/custom-magnify-light-up-jar,200,OK,https://munchmakers.com/product/custom-magnify-light-up-jar,No,0,657.38,product,
https://munchmakers.com/product/custom-mini-grinder-keychain,200,OK,https://munchmakers.com/product/custom-mini-grinder-keychain,No,0,746.0,product,
https://munchmakers.com/product/custom-plastic-joint-tube,200,OK,https://munchmakers.com/product/custom-plastic-joint-tube,No,0,709.08,product,
https://munchmakers.com/product/custom-plastic-lighters-transparent-or-solid-color,200,OK,https://munchmakers.com/product/custom-plastic-lighters-transparent-or-solid-color,No,0,860.08,product,
https://munchmakers.com/product/custom-prism-vape-pen,200,OK,https://munchmakers.com/product/custom-prism-vape-pen,No,0,731.26,product,
https://munchmakers.com/product/custom-queen-size-rolling-papers,200,OK,https://munchmakers.com/product/custom-queen-size-rolling-papers,No,0,726.02,product,
https://munchmakers.com/product/custom-rolling-paper,200,OK,https://munchmakers.com/product/custom-rolling-paper,No,0,828.09,product,
https://munchmakers.com/product/custom-rolling-tray-with-magnetic-lid,200,OK,https://munchmakers.com/product/custom-rolling-tray-with-magnetic-lid,No,0,821.56,product,
https://munchmakers.com/product/custom-smell-proof-pouch,200,OK,https://munchmakers.com/product/custom-smell-proof-pouch,No,0,701.01,product,
https://munchmakers.com/product/custom-square-glass-ashtray,200,OK,https://munchmakers.com/product/custom-square-glass-ashtray,No,0,647.0,product,
https://munchmakers.com/product/custom-square-joint-case,200,OK,https://munchmakers.com/product/custom-square-joint-case,No,0,643.67,product,
https://munchmakers.com/product/custom-square-shaped-wood-grinder,200,OK,https://munchmakers.com/product/custom-square-shaped-wood-grinder,No,0,622.05,product,
https://munchmakers.com/product/custom-stainless-steel-ashtray,200,OK,https://munchmakers.com/product/custom-stainless-steel-ashtray,No,0,677.17,product,
https://munchmakers.com/product/custom-stainless-steel-lighter,200,OK,https://munchmakers.com/product/custom-stainless-steel-lighter,No,0,647.64,product,
https://munchmakers.com/product/custom-stash-pro,200,OK,https://munchmakers.com/product/custom-stash-pro,No,0,655.11,product,
https://munchmakers.com/product/custom-timberflow-wood-vape-pen,200,OK,https://munchmakers.com/product/custom-timberflow-wood-vape-pen,No,0,689.11,product,
https://munchmakers.com/product/custom-ugo-v3-vape-pen-battery-650-900-mah-510-thread-battery,200,OK,https://munchmakers.com/product/custom-ugo-v3-vape-pen-battery-650-900-mah-510-thread-battery,No,0,745.41,product,
https://munchmakers.com/product/custom-vape-pen-battery,200,OK,https://munchmakers.com/product/custom-vape-pen-battery,No,0,765.33,product,
https://munchmakers.com/product/custom-wooden-grinder-for-weed,200,OK,https://munchmakers.com/product/custom-wooden-grinder-for-weed,No,0,616.46,product,
https://munchmakers.com/product/custom-wooden-rolling-tray,200,OK,https://munchmakers.com/product/custom-wooden-rolling-tray,No,0,709.31,product,
https://munchmakers.com/product/diamond-edge-2-piece-grinder,200,OK,https://munchmakers.com/product/diamond-edge-2-piece-grinder,No,0,742.77,product,
https://munchmakers.com/product/easygrind,200,OK,https://munchmakers.com/product/easygrind,No,0,685.86,product,
https://munchmakers.com/product/gold-rush-4pc-big-custom-grinder,200,OK,https://munchmakers.com/product/gold-rush-4pc-big-custom-grinder,No,0,703.82,product,
https://munchmakers.com/product/j-shield,200,OK,https://munchmakers.com/product/j-shield,No,0,760.9,product,
https://munchmakers.com/product/king-size-cones-100-per-box,200,OK,https://munchmakers.com/product/king-size-cones-100-per-box,No,0,684.91,product,
https://munchmakers.com/product/mini-keychain-stash-jar,200,OK,https://munchmakers.com/product/mini-keychain-stash-jar,No,0,712.17,product,
https://munchmakers.com/product/official-bic-lighter-assorted-light-colors,200,OK,https://munchmakers.com/product/official-bic-lighter-assorted-light-colors,No,0,664.69,product,
https://munchmakers.com/product/official-bic-logo-lighters-full-color,200,OK,https://munchmakers.com/product/official-bic-logo-lighters-full-color,No,0,665.49,product,
https://munchmakers.com/product/official-bic-logo-lighters-single-imprint,200,OK,https://munchmakers.com/product/official-bic-logo-lighters-single-imprint,No,0,655.05,product,
https://munchmakers.com/product/portable-metal-ashtray-keychain,200,OK,https://munchmakers.com/product/portable-metal-ashtray-keychain,No,0,735.11,product,
https://munchmakers.com/product/promotional-weed-grinder-card,200,OK,https://munchmakers.com/product/promotional-weed-grinder-card,No,0,710.53,product,
https://munchmakers.com/product/square-wooden-grinder,200,OK,https://munchmakers.com/product/square-wooden-grinder,No,0,635.18,product,
https://munchmakers.com/product/the-carti-glass-cartridge,200,OK,https://munchmakers.com/product/the-carti-glass-cartridge,No,0,697.19,product,
https://munchmakers.com/product/titan-custom-stainless-steel-grinder,200,OK,https://munchmakers.com/product/titan-custom-stainless-steel-grinder,No,0,719.72,product,
https://nl.munchmakers.com/product-category/wood-bamboo-trays/,200,OK,https://nl.munchmakers.com/product-category/wood-bamboo-trays/,No,0,2187.71,category,
https://no.munchmakers.com/blog/roll-your-own-the-ultimate-guide-to-choosing-the-best-cigarette-rolling-machine-d7cea0/,200,OK,https://no.munchmakers.com/blog/roll-your-own-the-ultimate-guide-to-choosing-the-best-cigarette-rolling-machine-d7cea0/,No,0,1852.48,blog,
https://pt.munchmakers.com/blog/elevate-your-herb-game-the-essential-benefits-of-a-weed-grinder-machine/,200,OK,https://pt.munchmakers.com/blog/elevate-your-herb-game-the-essential-benefits-of-a-weed-grinder-machine/,No,0,1961.21,blog,
https://pt.munchmakers.com/blog/roll-your-own-the-ultimate-guide-to-choosing-the-best-cigarette-rolling-machine-d7cea0/,200,OK,https://pt.munchmakers.com/blog/roll-your-own-the-ultimate-guide-to-choosing-the-best-cigarette-rolling-machine-d7cea0/,No,0,1756.77,blog,
https://ro.munchmakers.com/product-category/custom-rolling-trays/?page=2,200,OK,https://ro.munchmakers.com/product-category/custom-rolling-trays/?page=2,No,0,2004.22,category,
https://www.munchmakers.com/5-tips-for-choosing-the-perfect-weed-grinder/,200,OK,https://munchmakers.com/,Yes,1,571.07,other,
https://www.munchmakers.com/best-weed-logo-design-ideas-top-inspirations-and-free-logo-maker-tools/,200,OK,https://munchmakers.com/blog/best-weed-logo-design-ideas-top-inspirations-and-free-logo-maker-tools/,Yes,2,1040.44,other,
https://www.munchmakers.com/blog/how-to-roll-a-joint/,200,OK,https://munchmakers.com/blog/how-to-roll-a-joint/,Yes,1,775.86,blog,
https://www.munchmakers.com/blog/the-best-grinder-to-get-the-most-bang-for-your-buck/,200,OK,https://munchmakers.com/blog/the-best-grinder-to-get-the-most-bang-for-your-buck/,Yes,1,754.18,blog,
https://www.munchmakers.com/blog/the-best-weed-stash-jar-for-your-cannabis-needs/,404,Not Found,https://munchmakers.com/blog/the-best-weed-stash-jar-for-your-cannabis-needs/,Yes,1,759.41,blog,
https://www.munchmakers.com/craft-your-perfect-rolling-tray-a-step-by-step-diy-guide-for-personalized-smoking-bliss/,200,OK,https://munchmakers.com/blog/craft-your-perfect-rolling-tray-a-step-by-step-diy-guide-for-personalized-smoking-bliss/,Yes,2,999.72,other,
https://www.munchmakers.com/create-your-own-custom-rolling-papers-a-step-by-step-guide/,200,OK,https://munchmakers.com/blog/create-your-own-custom-rolling-papers-a-step-by-step-guide/,Yes,2,975.28,other,
https://www.munchmakers.com/custom-magnify-light-up-jar,200,OK,https://munchmakers.com/product/custom-magnify-light-up-jar,Yes,1,914.13,other,
https://www.munchmakers.com/custom-rolling-papers/everything-you-need-to-know-about-raw-rolling-papers-features-benefits-and-buying-tips/,200,OK,https://munchmakers.com/blog/everything-you-need-to-know-about-raw-rolling-papers-features-benefits-and-buying-tips/,Yes,2,1047.57,other,
https://www.munchmakers.com/discover-the-best-joint-holder-for-a-stylish-and-secure-smoke/,200,OK,https://munchmakers.com/blog/discover-the-best-joint-holder-for-a-stylish-and-secure-smoke/,Yes,2,1023.28,other,
https://www.munchmakers.com/elevate-your-rolling-experience-the-ultimate-guide-to-wood-weed-trays/,404,Not Found,https://munchmakers.com/elevate-your-rolling-experience-the-ultimate-guide-to-wood-weed-trays/,Yes,1,735.61,other,
https://www.munchmakers.com/elevate-your-rolling-game-the-ultimate-guide-to-luxury-rolling-trays/,200,OK,https://munchmakers.com/,Yes,1,544.63,other,
https://www.munchmakers.com/elevate-your-rolling-game-the-ultimate-guide-to-rolling-tray-grinder-sets/,200,OK,https://munchmakers.com/blog/elevate-your-rolling-game-the-ultimate-guide-to-rolling-tray-grinder-sets/,Yes,2,1055.25,other,
https://www.munchmakers.com/enhance-your-cannabis-experience-with-wood-grinders/,200,OK,https://munchmakers.com/blog/enhance-your-cannabis-experience-with-wood-grinders/,Yes,2,966.62,other,
https://www.munchmakers.com/es/blog/enrolla-el-tuyo-una-gu%C3%ADa-para-crear-papeles-de-liar-personalizados/,200,OK,https://munchmakers.com/es,Yes,2,731.94,blog,
https://www.munchmakers.com/everything-you-need-to-know-about-raw-rolling-papers-features-benefits-and-buying-tips/,200,OK,https://munchmakers.com/blog/everything-you-need-to-know-about-raw-rolling-papers-features-benefits-and-buying-tips/,Yes,2,1059.73,other,
https://www.munchmakers.com/fr/Les-produits/cendrier-%C3%A0-cigares-en-c%C3%A9ramique/,404,Not Found,https://munchmakers.com/fr/Les-produits/cendrier-%C3%A0-cigares-en-c%C3%A9ramique/,Yes,1,753.68,international,
https://www.munchmakers.com/from-bud-to-bowl-how-to-use-a-weed-grinder-like-a-pro/,200,OK,https://munchmakers.com/blog/from-bud-to-bowl-how-to-use-a-weed-grinder-like-a-pro/,Yes,2,1049.89,other,
https://www.munchmakers.com/grinder-guides/choosing-the-perfect-grinder-for-your-cannabis-experience/,200,OK,https://munchmakers.com/blog/choosing-the-perfect-grinder-for-your-cannabis-experience/,Yes,2,1039.9,other,
https://www.munchmakers.com/grinder-guides/mastering-the-grind-a-complete-guide-to-electric-weed-grinders/,200,OK,https://munchmakers.com/,Yes,1,540.19,other,
https://www.munchmakers.com/how-to-sell-cannabis-accessories-in-california-a-munchmakers-guide/,200,OK,https://munchmakers.com/blog/how-to-sell-cannabis-accessories-in-california-a-munchmakers-guide/,Yes,2,1006.12,other,
https://www.munchmakers.com/it/accendini-personalizzati/perch%C3%A9-gli-accendini-a-butano-personalizzati-sono-essenziali-ed-eleganti/,404,Not Found,https://munchmakers.com/it/,Yes,1,786.06,international,
https://www.munchmakers.com/iw/%D7%91%D7%9C%D7%95%D7%92/%D7%A9%D7%9C%D7%98%D7%95-%D7%91%D7%90%D7%95%D7%9E%D7%A0%D7%95%D7%AA-%D7%92%D7%9C%D7%92%D7%95%D7%9C-%D7%94%D7%9E%D7%93%D7%A8%D7%99%D7%9A-%D7%94%D7%9E%D7%A7%D7%99%D7%A3-%D7%A9%D7%9C%D7%9B%D7%9D-%D7%9C%D7%91%D7%97%D7%99%D7%A8%D7%AA-%D7%9E%D7%9B%D7%95%D7%A0%D7%AA-%D7%94%D7%92%D7%9C%D7%92%D7%95%D7%9C-%D7%94%D7%9E%D7%95%D7%A9%D7%9C%D7%9E%D7%AA/,200,OK,https://munchmakers.com/,Yes,1,615.15,international,
https://www.munchmakers.com/iw/%D7%9E%D7%95%D7%A6%D7%A8/%D7%9E%D7%90%D7%A4%D7%A8%D7%94-%D7%A7%D7%A8%D7%9E%D7%99%D7%AA-%D7%91%D7%94%D7%AA%D7%90%D7%9E%D7%94-%D7%90%D7%99%D7%A9%D7%99%D7%AA-%D7%A2%D7%9D-%D7%9E%D7%9B%D7%A1%D7%94/,404,Not Found,https://munchmakers.com/iw/%D7%9E%D7%95%D7%A6%D7%A8/%D7%9E%D7%90%D7%A4%D7%A8%D7%94-%D7%A7%D7%A8%D7%9E%D7%99%D7%AA-%D7%91%D7%94%D7%AA%D7%90%D7%9E%D7%94-%D7%90%D7%99%D7%A9%D7%99%D7%AA-%D7%A2%D7%9D-%D7%9E%D7%9B%D7%A1%D7%94/,Yes,1,795.7,international,
https://www.munchmakers.com/iw/%D7%9E%D7%95%D7%A6%D7%A8/%D7%A0%D7%99%D7%99%D7%A8%D7%95%D7%AA-%D7%92%D7%9C%D7%92%D7%95%D7%9C-%D7%91%D7%92%D7%95%D7%93%D7%9C-1-14-%D7%91%D7%94%D7%AA%D7%90%D7%9E%D7%94-%D7%90%D7%99%D7%A9%D7%99%D7%AA/,404,Not Found,https://munchmakers.com/iw/%D7%9E%D7%95%D7%A6%D7%A8/%D7%A0%D7%99%D7%99%D7%A8%D7%95%D7%AA-%D7%92%D7%9C%D7%92%D7%95%D7%9C-%D7%91%D7%92%D7%95%D7%93%D7%9C-1-14-%D7%91%D7%94%D7%AA%D7%90%D7%9E%D7%94-%D7%90%D7%99%D7%A9%D7%99%D7%AA/,Yes,1,766.86,international,
https://www.munchmakers.com/iw/blog/crafting-your-own-rolling-papers-a-complete-guide/,404,Not Found,https://munchmakers.com/iw/blog/crafting-your-own-rolling-papers-a-complete-guide/,Yes,1,734.63,blog,
https://www.munchmakers.com/iw/blog/mastering-the-art-of-rolling-the-ultimate-guide-to-choosing-joint-rolling-papers/,200,OK,https://munchmakers.com/,Yes,1,561.95,blog,
https://www.munchmakers.com/iw/roll-your-own-the-ultimate-guide-to-choosing-the-best-cigarette-rolling-machine/,404,Not Found,https://munchmakers.com/iw/roll-your-own-the-ultimate-guide-to-choosing-the-best-cigarette-rolling-machine/,Yes,1,755.86,international,
https://www.munchmakers.com/master-your-rolling-game-the-ultimate-guide-to-choosing-the-perfect-rolling-machine/,200,OK,https://munchmakers.com/blog/master-your-rolling-game-the-ultimate-guide-to-choosing-the-perfect-rolling-machine/,Yes,2,985.78,other,
https://www.munchmakers.com/mastering-care-tips-for-your-custom-ceramic-ashtray/,200,OK,https://munchmakers.com/product/custom-ceramic-ashtray,Yes,1,852.75,other,
https://www.munchmakers.com/mastering-your-grind-the-definitive-guide-to-choosing-the-best-weed-grinder/,200,OK,https://munchmakers.com/blog/mastering-your-grind-the-definitive-guide-to-choosing-the-best-weed-grinder/,Yes,2,1019.14,other,
https://www.munchmakers.com/overview-why-choose-custom-grinder-from-munchmakers/,404,Not Found,https://munchmakers.com/overview-why-choose-custom-grinder-from-munchmakers/,Yes,1,818.59,other,
https://www.munchmakers.com/product-category/custom-weed-stash-jars/,200,OK,https://munchmakers.com/product-category/custom-weed-stash-jars/,Yes,1,929.76,category,
https://www.munchmakers.com/product-category/no-minimums/,200,OK,https://munchmakers.com/product/easygrind,Yes,1,947.31,category,
https://www.munchmakers.com/product/custom-stash-pro/,200,OK,https://munchmakers.com/product/custom-stash-pro,Yes,2,1112.51,product,
https://www.munchmakers.com/product/easygrind/,200,OK,https://munchmakers.com/product/easygrind,Yes,2,1105.71,product,
https://www.munchmakers.com/product/genuine-wood-grinder/,200,OK,https://munchmakers.com/product/genuine-wood-grinder,Yes,2,1149.26,product,
https://www.munchmakers.com/product/love-death-roses-all-over-print-grinder/,200,OK,https://munchmakers.com/product/custom-all-over-print-grinder,Yes,1,882.51,product,
https://www.munchmakers.com/reasons-to-buy-a-weed-grinder/,404,Not Found,https://munchmakers.com/reasons-to-buy-a-weed-grinder/,Yes,1,754.27,other,
https://www.munchmakers.com/roll-in-luxury-unveiling-the-allure-of-24k-gold-rolling-papers/,200,OK,https://munchmakers.com/blog/roll-in-luxury-unveiling-the-allure-of-24k-gold-rolling-papers/,Yes,2,1010.32,other,
https://www.munchmakers.com/roll-with-style-the-ultimate-guide-to-raw-rolling-papers-for-eco-friendly-smokers/,200,OK,https://munchmakers.com/,Yes,1,545.13,other,
https://www.munchmakers.com/roll-your-own-the-ultimate-guide-to-cigarette-rolling-machines-for-every-smoker/,200,OK,https://munchmakers.com/,Yes,1,560.6,other,
https://www.munchmakers.com/rolling-in-style-the-ultimate-guide-to-choosing-the-perfect-rolling-tray/,200,OK,https://munchmakers.com/blog/rolling-in-style-the-ultimate-guide-to-choosing-the-perfect-rolling-tray/,Yes,2,1008.62,other,
https://www.munchmakers.com/shop/,200,OK,https://munchmakers.com/,Yes,1,528.74,shop,
https://www.munchmakers.com/the-best-weed-stash-jar-for-your-cannabis-needs/,200,OK,https://munchmakers.com/,Yes,1,537.11,other,
https://www.munchmakers.com/top-custom-vape-pen-designs-elevate-your-vaping-experience/,200,OK,https://munchmakers.com/,Yes,1,574.17,other,
https://www.munchmakers.com/top-electric-grinders-for-weed-elevate-your-cannabis-experience-with-ease/,200,OK,https://munchmakers.com/blog/top-electric-grinders-for-weed-elevate-your-cannabis-experience-with-ease/,Yes,2,1069.52,other,
https://www.munchmakers.com/ultimate-2024-guide-discover-the-best-weed-grinders-for-a-perfect-cannabis-experience/,200,OK,https://munchmakers.com/blog/ultimate-2024-guide-discover-the-best-weed-grinders-for-a-perfect-cannabis-experience/,Yes,2,1014.33,other,
https://www.munchmakers.com/ultimate-guide-to-custom-magnetic-rolling-trays-with-lids/,200,OK,https://munchmakers.com/product/custom-rolling-tray-with-magnetic-lid,Yes,1,950.53,other,
https://www.munchmakers.com/unlocking-the-benefits-of-a-quality-weed-grinder/,200,OK,https://munchmakers.com/blog/unlocking-the-benefits-of-a-quality-weed-grinder/,Yes,2,995.72,other,
https://www.munchmakers.com/why-custom-butane-lighters-are-essential-and-stylish/,200,OK,https://munchmakers.com/blog/why-custom-butane-lighters-are-essential-and-stylish/,Yes,2,982.75,other,
